bibd_13_6,78,1716,25740,66,450,DNF,DNF
mark3jac020sc,9129,9129,56175,DNF,DNF,DNF,DNF
celegansneural,294,270,2345,57,19061,CNO,CNO
G7,800,800,38352,DNF,DNF,DNF,DNF
G6,800,800,38352,DNF,DNF,DNF,DNF
G5,800,800,38352,DNF,DNF,DNF,DNF
G4,800,800,38352,DNF,DNF,DNF,DNF
lshp_778,778,778,5272,DNF,DNF,DNF,DNF
G2,800,800,38352,DNF,DNF,DNF,DNF
G1,800,800,38352,DNF,DNF,DNF,DNF
dwb512,512,512,2500,DNF,DNF,DNF,DNF
G9,800,800,38352,DNF,DNF,DNF,DNF
G8,800,800,38352,DNF,DNF,DNF,DNF
de063155,852,1596,4913,36,8588,DNF,DNF
lpi_gran,2604,2525,20111,DNF,DNF,DNF,DNF
de063157,936,1656,5119,36,56101,DNF,DNF
ck400,400,400,2860,0,1,DNF,DNF
pgp2,4034,13254,22474,4,26,DNF,DNF
Franz10,19588,4164,97508,DNF,DNF,DNF,DNF
bibd_17_4,136,2380,14280,DNF,DNF,DNF,DNF
jan99jac020sc,6774,6774,38692,DNF,DNF,DNF,DNF
mesh3e1,289,289,1889,DNF,DNF,DNF,DNF
bibd_17_3,136,680,2040,DNF,DNF,DNF,DNF
ex3sta1,17443,17516,68779,DNF,DNF,DNF,DNF
rdist1,4134,4134,94408,DNF,DNF,DNF,DNF
rdist2,3198,3198,56934,DNF,DNF,DNF,DNF
bibd_15_3,105,455,1365,DNF,DNF,DNF,DNF
fs_760_2,760,760,5976,44,3203,DNF,DNF
fs_760_3,760,760,5976,44,3199,DNF,DNF
QRpivot,660,749,3808,29,559,DNF,DNF
EVA,1352,6316,6726,0,6,DNF,DNF
bibd_11_5,55,462,4620,45,81,DNF,DNF
Trefethen_150,150,150,2040,DNF,DNF,DNF,DNF
S20PI_n1,1027,1027,2547,4,1,DNF,DNF
ex18,5773,5773,71805,DNF,DNF,DNF,DNF
c-44,10728,10728,85000,DNF,DNF,DNF,DNF
ch7-7-b2,7350,882,22050,DNF,DNF,DNF,DNF
ch7-7-b1,882,49,1764,DNF,DNF,DNF,DNF
c-40,9941,9941,81501,DNF,DNF,DNF,DNF
tumorAntiAngiogenesis_7,475,475,4597,12,158,CNO,CNO
lp_scfxm1,330,600,2732,8,1,DNF,DNF
lp_scfxm3,990,1800,8206,8,158,DNF,DNF
lp_scfxm2,660,1200,5469,5,1,DNF,DNF
ex10,2410,2410,54840,DNF,DNF,DNF,DNF
rdb968,968,968,5632,DNF,DNF,DNF,DNF
ex13,2568,2568,75628,DNF,DNF,DNF,DNF
lung1,1650,1650,7419,4,3,DNF,DNF
lpi_ex73a,193,211,457,4,1,DNF,DNF
crack_dual,20141,20141,60086,DNF,DNF,DNF,DNF
ACTIVSg2000,4000,4000,29336,DNF,DNF,DNF,DNF
g7jac020sc,5850,5850,45465,DNF,DNF,DNF,DNF
can_256,256,256,2916,43,32977,DNF,DNF
tols1090,1090,1090,3546,0,1,0,1
lp_pilotnov,975,2446,13331,DNF,DNF,DNF,DNF
well1850,1850,712,8758,18,3,DNF,DNF
rdb450l,450,450,2580,DNF,DNF,DNF,DNF
adder_dcop_41,1813,1813,11246,18,11,DNF,DNF
adder_dcop_40,1813,1813,11246,18,12,DNF,DNF
adder_dcop_43,1813,1813,11246,18,11,DNF,DNF
adder_dcop_42,1813,1813,11246,18,11,DNF,DNF
can_61,61,61,557,10,1,10,1
adder_dcop_44,1813,1813,11245,18,11,DNF,DNF
adder_dcop_47,1813,1813,11246,18,11,DNF,DNF
adder_dcop_46,1813,1813,11246,18,11,DNF,DNF
adder_dcop_49,1813,1813,11246,18,11,DNF,DNF
adder_dcop_48,1813,1813,11246,18,10,DNF,DNF
wheel_4_1,36,41,122,12,1,INC,INC
progas,1650,1900,8897,DNF,DNF,DNF,DNF
lpi_bgdbg1,348,629,1662,7,9,DNF,DNF
beacxc,449,489,50409,DNF,DNF,DNF,DNF
wheel_6_1,83,85,254,15,2,DNF,DNF
utm5940,5940,5940,83842,DNF,DNF,DNF,DNF
Sandi_sandi,314,360,613,0,1,DNF,DNF
mk11-b2,6930,990,20790,DNF,DNF,DNF,DNF
mk11-b3,17325,6930,69300,DNF,DNF,DNF,DNF
mk11-b1,990,55,1980,DNF,DNF,DNF,DNF
mk11-b4,10395,17325,51975,DNF,DNF,DNF,DNF
dtoc,24993,24993,69972,0,901,0,1
ash219,219,85,438,7,1,DNF,DNF
seymourl,4944,6316,38493,DNF,DNF,DNF,DNF
delf,3170,5598,15397,DNF,DNF,DNF,DNF
dwt_198,198,198,1392,DNF,DNF,DNF,DNF
dwt_193,193,193,3493,40,471,DNF,DNF
mcca,180,180,2659,DNF,DNF,DNF,DNF
ca-GrQc,5242,5242,28980,DNF,DNF,DNF,DNF
oscil_dcop_38,430,430,1544,2,1,DNF,DNF
oscil_dcop_39,430,430,1544,2,1,DNF,DNF
west0156,156,156,371,5,1,DNF,DNF
lp_afiro,27,51,102,5,0,5,1
oscil_dcop_32,430,430,1544,2,1,DNF,DNF
oscil_dcop_33,430,430,1544,2,1,DNF,DNF
oscil_dcop_30,430,430,1544,2,1,DNF,DNF
oscil_dcop_31,430,430,1544,2,1,DNF,DNF
oscil_dcop_36,430,430,1544,2,1,DNF,DNF
oscil_dcop_37,430,430,1544,2,1,DNF,DNF
oscil_dcop_34,430,430,1544,2,1,DNF,DNF
oscil_dcop_35,430,430,1544,2,1,DNF,DNF
Trefethen_20b,19,19,147,16,1,16,1
poli3,16955,16955,37849,DNF,DNF,DNF,DNF
p0033,15,48,113,5,0,5,1
poli4,33833,33833,73249,DNF,DNF,DNF,DNF
zed,116,142,666,10,1,10,725
dwt_87,87,87,541,12,1,12,916
dwt_512,512,512,3502,0,1,DNF,DNF
rosen8,520,1544,16058,8,1,DNF,DNF
iprob,3001,3001,9000,2,3,DNF,DNF
n3c6-b3,1365,455,5460,DNF,DNF,DNF,DNF
Maragal_4,1964,1027,26719,DNF,DNF,DNF,DNF
GD02_a,22,22,87,7,0,7,1
GD02_b,78,80,232,5,1,5,34
mycielskian10,767,767,44392,DNF,DNF,DNF,DNF
dw1024,2048,2048,10114,DNF,DNF,DNF,DNF
GD00_c,429,405,1041,15,5,DNF,DNF
GD00_a,277,195,458,0,1,DNF,DNF
grid2_dual,3136,3136,12224,DNF,DNF,DNF,DNF
n3c6-b4,3003,1365,15015,DNF,DNF,DNF,DNF
lpi_bgindy,2671,10880,66266,DNF,DNF,DNF,DNF
Erdos982,4962,4962,14750,DNF,DNF,DNF,DNF
Erdos981,445,445,2762,DNF,DNF,DNF,DNF
lp_adlittle,56,138,424,9,1,9,15
lp_fit1d,24,1049,13427,20,2,20,1
lp_fit1p,627,1677,9868,21,2,DNF,DNF
fs_760_1,760,760,5976,44,3275,DNF,DNF
TF11,216,235,1607,DNF,DNF,DNF,DNF
TF10,99,106,622,33,4182,DNF,DNF
TF13,1121,1301,11185,DNF,DNF,DNF,DNF
TF12,488,551,4231,DNF,DNF,DNF,DNF
TF15,6334,7741,80057,DNF,DNF,DNF,DNF
TF14,2644,3159,29862,DNF,DNF,DNF,DNF
hor_131,434,434,4710,DNF,DNF,DNF,DNF
flowmeter0,9669,9669,67391,DNF,DNF,DNF,DNF
flowmeter5,9669,9669,67391,DNF,DNF,DNF,DNF
DK01R,903,903,11766,20,18569,DNF,DNF
as-22july06,22963,22963,96872,DNF,DNF,DNF,DNF
olm500,500,500,1996,2,1,2,34
netz4504_dual,615,615,2342,DNF,DNF,DNF,DNF
mk11-b4b,9450,17325,47250,DNF,DNF,DNF,DNF
lpi_woodinfe,35,89,140,0,0,0,1
rdb1250,1250,1250,7300,DNF,DNF,DNF,DNF
cis-n4c6-b15,60,920,960,0,1,0,1
cis-n4c6-b14,920,6300,13800,DNF,DNF,DNF,DNF
cis-n4c6-b13,6300,25605,88200,DNF,DNF,DNF,DNF
bcsstm06,420,420,420,0,1,0,1
oscil_dcop_42,430,430,1544,2,1,DNF,DNF
oscil_dcop_41,430,430,1544,2,1,DNF,DNF
bcsstm05,153,153,153,0,0,0,1
fxm2-6,1520,2845,12812,DNF,DNF,DNF,DNF
oscil_dcop_46,430,430,1544,2,1,DNF,DNF
dw8192,8192,8192,41746,DNF,DNF,DNF,DNF
big_dual,30269,30269,89858,DNF,DNF,DNF,DNF
bcsstm01,48,48,48,0,0,0,1
lp_lotfi,153,366,1136,18,1,DNF,DNF
lpi_ceria3d,3576,4400,21178,DNF,DNF,DNF,DNF
bp_600,822,822,4172,33,40328,DNF,DNF
gr_30_30,900,900,7744,DNF,DNF,DNF,DNF
adder_dcop_52,1813,1813,11246,18,11,DNF,DNF
adder_dcop_53,1813,1813,11246,18,11,DNF,DNF
Trefethen_300,300,300,4678,DNF,DNF,DNF,DNF
str_400,363,363,3157,23,1887,DNF,DNF
adder_dcop_56,1813,1813,11246,18,11,DNF,DNF
adder_dcop_57,1813,1813,11246,18,12,DNF,DNF
adder_dcop_54,1813,1813,11246,18,12,DNF,DNF
adder_dcop_55,1813,1813,11246,18,11,DNF,DNF
adder_dcop_58,1813,1813,11246,18,10,DNF,DNF
adder_dcop_59,1813,1813,11246,18,11,DNF,DNF
beause,492,505,44551,DNF,DNF,DNF,DNF
qpband,20000,20000,45000,0,331,0,564
lp_scsd1,77,760,2388,12,1,DNF,DNF
lp_scsd6,147,1350,4316,20,5102,DNF,DNF
lp_scsd8,397,2750,8584,10,3,DNF,DNF
Tina_DisCog,11,11,48,6,0,6,1
rail_1357,1357,1357,8985,DNF,DNF,DNF,DNF
S10PI_n,682,682,1633,4,1,DNF,DNF
rotor2,791,791,10685,DNF,DNF,DNF,DNF
rotor1,100,100,708,14,1,DNF,DNF
mesh1e1,48,48,306,18,3,18,419
scagr7-2c,2447,3479,9005,7,7,DNF,DNF
scagr7-2b,9743,13847,35885,7,133,DNF,DNF
msc00726,726,726,34518,DNF,DNF,DNF,DNF
beaflw,492,500,53403,DNF,DNF,DNF,DNF
oscil_dcop_07,430,430,1544,2,1,DNF,DNF
west0167,167,167,507,7,1,DNF,DNF
oscil_dcop_05,430,430,1544,2,1,DNF,DNF
oscil_dcop_04,430,430,1544,2,1,DNF,DNF
oscil_dcop_03,430,430,1544,2,1,DNF,DNF
oscil_dcop_02,430,430,1544,2,1,DNF,DNF
oscil_dcop_01,430,430,1544,2,1,DNF,DNF
steam2,600,600,13760,DNF,DNF,DNF,DNF
minnesota,2642,2642,6606,DNF,DNF,DNF,DNF
oscil_dcop_09,430,430,1544,2,1,DNF,DNF
oscil_dcop_08,430,430,1544,2,1,DNF,DNF
lshp1561,1561,1561,10681,DNF,DNF,DNF,DNF
tols4000,4000,4000,8784,0,6,DNF,DNF
will57,57,57,281,4,0,4,1
lp_bnl1,642,1586,5532,47,36413,DNF,DNF
lp_bnl2,2324,4486,14996,DNF,DNF,DNF,DNF
reorientation_1,677,677,7326,14,3,CNO,CNO
reorientation_3,2513,2513,32166,16,548,CNO,CNO
bp_0,822,822,3276,17,160,DNF,DNF
reorientation_5,2904,2904,35590,14,6870,CNO,CNO
reorientation_4,2717,2717,33630,14,15839,CNO,CNO
reorientation_7,3057,3057,37150,DNF,DNF,CNO,CNO
reorientation_6,3006,3006,37342,DNF,DNF,CNO,CNO
lp_recipe,91,204,687,11,1,11,384
reorientation_8,3108,3108,37894,DNF,DNF,CNO,CNO
chesapeake,39,39,340,16,1,16,3
lp_kb2,43,68,313,14,39,14,143
ash958,958,292,1916,9,2,DNF,DNF
goddardRocketProblem_1,831,831,8498,13,2264,CNO,CNO
goddardRocketProblem_2,867,867,9058,10,3,CNO,CNO
co5,5774,12325,57993,DNF,DNF,DNF,DNF
Erdos991,454,454,2834,DNF,DNF,DNF,DNF
Erdos992,5094,5094,15030,DNF,DNF,DNF,DNF
ch6-6-b5,720,4320,4320,0,2,0,1
ch6-6-b4,4320,5400,21600,DNF,DNF,DNF,DNF
ch6-6-b3,5400,2400,21600,DNF,DNF,DNF,DNF
nnc1374,1374,1374,8606,DNF,DNF,DNF,DNF
ch6-6-b1,450,36,900,25,2947,DNF,DNF
west1505,1505,1505,5445,14,75,DNF,DNF
de080285,936,1656,5082,36,7103,DNF,DNF
mbeause,448,490,41063,DNF,DNF,DNF,DNF
n3c6-b10,675,2511,7425,DNF,DNF,DNF,DNF
n4c6-b3,5970,1330,23880,DNF,DNF,DNF,DNF
n4c6-b2,1330,210,3990,DNF,DNF,DNF,DNF
n4c6-b1,210,21,420,15,2,15,36
lp_czprob,929,3562,10708,18,4,DNF,DNF
fe_sphere,16386,16386,98304,DNF,DNF,DNF,DNF
lp_modszk1,686,1620,3168,34,24476,DNF,DNF
cegb3306,3222,3222,74916,DNF,DNF,DNF,DNF
curtis54,54,54,291,7,1,7,1
p2p-Gnutella25,6221,22352,54705,DNF,DNF,CNO,CNO
powersim,15838,15838,67562,8,477,DNF,DNF
rdb2048,2048,2048,12032,DNF,DNF,DNF,DNF
ex10hs,2548,2548,57308,28,4174,DNF,DNF
mimo8x8_system,13309,13309,48872,DNF,DNF,CNO,CNO
M10PI_n,682,682,1633,4,1,DNF,DNF
n3c5-b2,120,45,360,25,281,DNF,DNF
lp_fit2p,3000,13525,50284,21,162,DNF,DNF
plddb,3069,5049,10839,8,15,DNF,DNF
qc324,324,324,26730,DNF,DNF,DNF,DNF
can_838,838,838,10010,DNF,DNF,DNF,DNF
rajat07,14842,14842,63913,DNF,DNF,DNF,DNF
rajat06,10922,10922,46983,DNF,DNF,DNF,DNF
rajat05,301,301,1384,6,1,DNF,DNF
rajat04,1041,1041,9642,24,464,DNF,DNF
rajat03,7602,7602,32653,DNF,DNF,DNF,DNF
rajat02,1960,1960,11187,14,6,DNF,DNF
rajat01,6833,6833,43250,18,576,DNF,DNF
rajat08,19362,19362,83443,DNF,DNF,DNF,DNF
rw496,496,496,1859,DNF,DNF,DNF,DNF
lp_d6cube,404,6184,37704,DNF,DNF,DNF,DNF
dwt_869,869,869,7285,DNF,DNF,DNF,DNF
flower_7_1,463,393,1178,24,9212,DNF,DNF
adder_dcop_69,1813,1813,11246,18,13,DNF,DNF
adder_dcop_68,1813,1813,11246,18,13,DNF,DNF
adder_dcop_67,1813,1813,11246,18,11,DNF,DNF
adder_dcop_66,1813,1813,11246,18,11,DNF,DNF
adder_dcop_65,1813,1813,11246,18,11,DNF,DNF
adder_dcop_64,1813,1813,11246,18,13,DNF,DNF
ww_vref_6405,13251,13251,48737,DNF,DNF,DNF,DNF
adder_dcop_62,1813,1813,11246,18,12,DNF,DNF
adder_dcop_61,1813,1813,11246,18,12,DNF,DNF
adder_dcop_60,1813,1813,11246,18,12,DNF,DNF
complex,1023,1408,46463,DNF,DNF,DNF,DNF
M20PI_n1,1027,1027,2547,4,1,DNF,DNF
176bit,7441,7150,82270,DNF,DNF,DNF,DNF
Chebyshev1,261,261,2319,4,1,DNF,DNF
Chebyshev3,4101,4101,36879,4,22,DNF,DNF
Chebyshev2,2053,2053,18447,4,4,DNF,DNF
Trefethen_20,20,20,158,17,1,17,1
S80PI_n,4182,4182,10261,6,16,DNF,DNF
g7jac010,2880,2880,19635,DNF,DNF,DNF,DNF
dwg961b,961,961,10591,DNF,DNF,DNF,DNF
dwg961a,705,705,3405,DNF,DNF,DNF,DNF
lp_truss,1000,8806,27836,DNF,DNF,DNF,DNF
t3dl_e,20360,20360,20360,0,93,0,1
lpi_klein3,994,1082,13101,56,17,DNF,DNF
lpi_klein2,477,531,5062,35,1,DNF,DNF
lpi_klein1,54,108,750,33,82,33,519
Trefethen_200,200,200,2890,DNF,DNF,DNF,DNF
dw2048,2048,2048,10114,DNF,DNF,DNF,DNF
dwt_245,245,245,1461,8,1,DNF,DNF
ca-HepTh,9877,9877,51971,DNF,DNF,DNF,DNF
can_161,161,161,1377,32,4143,DNF,DNF
p0040,23,63,133,3,0,3,4
lp_d2q06c,2171,5831,33081,DNF,DNF,DNF,DNF
saylr4,3564,3564,22316,DNF,DNF,DNF,DNF
lp_pilot87,2030,6680,74949,DNF,DNF,DNF,DNF
deter8,3831,10905,22299,15,138,DNF,DNF
n2c6-b10,30,306,330,0,0,0,1
bips07_1693,13275,13275,49044,DNF,DNF,DNF,DNF
bfwb62,62,62,342,8,1,8,113
oscil_dcop_10,430,430,1544,2,1,DNF,DNF
oscil_dcop_11,430,430,1544,2,1,DNF,DNF
oscil_dcop_12,430,430,1544,2,1,DNF,DNF
oscil_dcop_13,430,430,1544,2,1,DNF,DNF
oscil_dcop_14,430,430,1544,2,1,DNF,DNF
oscil_dcop_15,430,430,1544,2,1,DNF,DNF
Trec11,235,1136,35705,DNF,DNF,DNF,DNF
oscil_dcop_17,430,430,1544,2,1,DNF,DNF
ch7-9-b1,1512,63,3024,DNF,DNF,DNF,DNF
freeFlyingRobot_14,5958,5958,43298,14,547,CNO,CNO
deter2,6095,17313,35731,15,252,DNF,DNF
deter3,7647,21777,44547,15,698,DNF,DNF
deter4,3235,9133,19231,15,84,DNF,DNF
freeFlyingRobot_10,5218,5218,40080,14,577,CNO,CNO
deter6,4255,12113,24771,15,105,DNF,DNF
freeFlyingRobot_12,5578,5578,41940,14,3691,CNO,CNO
freeFlyingRobot_15,6038,6038,43378,14,1506,CNO,CNO
Hamrle1,32,32,98,5,0,5,1
Hamrle2,5952,5952,22162,16,36965,DNF,DNF
oscil_dcop_19,430,430,1544,2,1,DNF,DNF
ch7-9-b2,17640,1512,52920,DNF,DNF,DNF,DNF
Oregon-2,11461,11461,65460,DNF,DNF,DNF,DNF
Oregon-1,11174,11174,46818,DNF,DNF,DNF,DNF
freeFlyingRobot_11,5438,5438,40054,14,343,CNO,CNO
deter5,5103,14529,29715,15,237,DNF,DNF
freeFlyingRobot_13,5718,5718,43994,DNF,DNF,CNO,CNO
deter7,6375,18153,37131,15,324,DNF,DNF
flower_5_1,211,201,602,24,10067,DNF,DNF
flower_5_4,5226,14721,43942,DNF,DNF,DNF,DNF
jan99jac020,6774,6774,38692,DNF,DNF,DNF,DNF
Ragusa18,21,18,64,5,0,5,1
jagmesh9,1349,1349,9101,DNF,DNF,DNF,DNF
jagmesh8,1141,1141,7465,DNF,DNF,DNF,DNF
jagmesh7,1138,1138,7450,DNF,DNF,DNF,DNF
jagmesh6,1377,1377,8993,DNF,DNF,DNF,DNF
Ragusa16,19,20,81,7,0,7,1
jagmesh4,1440,1440,9504,DNF,DNF,DNF,DNF
jagmesh3,1089,1089,7361,DNF,DNF,DNF,DNF
jagmesh2,1009,1009,6865,DNF,DNF,DNF,DNF
jagmesh1,936,936,6264,DNF,DNF,DNF,DNF
lp_ship04l,360,2166,6380,4,1,DNF,DNF
whitaker3,9800,9800,57978,DNF,DNF,DNF,DNF
bp_200,822,822,3802,26,13364,DNF,DNF
mk10-b1,630,45,1260,DNF,DNF,DNF,DNF
mk10-b3,4725,3150,18900,DNF,DNF,DNF,DNF
mk10-b2,3150,630,9450,DNF,DNF,DNF,DNF
wang2,2903,2903,19093,DNF,DNF,DNF,DNF
mk10-b4,945,4725,4725,0,3,0,1
wang1,2903,2903,19093,DNF,DNF,DNF,DNF
rw136,136,136,479,19,1363,DNF,DNF
lp_ship04s,360,1506,4400,4,1,DNF,DNF
biplane-9,21701,21701,84076,DNF,DNF,DNF,DNF
adjnoun,112,112,850,DNF,DNF,DNF,DNF
Kohonen,1818,3518,12731,DNF,DNF,DNF,DNF
adder_dcop_45,1813,1813,11246,18,12,DNF,DNF
can_62,62,62,218,6,0,6,1
pesa,11738,11738,79566,DNF,DNF,DNF,DNF
rel3,6,3,18,3,0,3,1
tumorAntiAngiogenesis_3,410,410,3952,12,24,CNO,CNO
tumorAntiAngiogenesis_2,305,305,2699,8,1,CNO,CNO
tumorAntiAngiogenesis_5,460,460,4690,12,701,CNO,CNO
tumorAntiAngiogenesis_4,455,455,4593,12,283,CNO,CNO
rel5,172,33,656,10,1,10,4
tumorAntiAngiogenesis_6,465,465,4795,8,1,CNO,CNO
crew1,135,6469,46950,DNF,DNF,DNF,DNF
model9,2787,10939,55956,12,489,DNF,DNF
model8,2896,6464,25277,DNF,DNF,DNF,DNF
model3,1609,4565,23974,DNF,DNF,DNF,DNF
model2,379,1321,7607,53,2078,DNF,DNF
model1,362,798,3028,46,43785,DNF,DNF
model7,3358,9560,51027,9,150,DNF,DNF
model6,2094,5289,27628,DNF,DNF,DNF,DNF
model5,1744,11802,89925,1,75,DNF,DNF
model4,1337,4962,45753,DNF,DNF,DNF,DNF
M80PI_n,4182,4182,10261,6,13,DNF,DNF
nl,7039,15325,47035,DNF,DNF,DNF,DNF
rajat14,180,180,1503,10,1,DNF,DNF
rajat11,135,135,812,8,1,DNF,DNF
rajat12,1879,1879,12926,14,7,DNF,DNF
rajat13,7598,7598,48922,18,93,DNF,DNF
hangGlider_2,1647,1647,14754,10,9,DNF,DNF
hangGlider_3,10260,10260,92703,DNF,DNF,DNF,DNF
hangGlider_1,360,360,3477,10,1,DNF,DNF
stoch_aircraft,3754,7517,20267,6,16,CNO,CNO
Si2,769,769,17801,DNF,DNF,DNF,DNF
can_229,229,229,1777,38,76406,DNF,DNF
football,115,115,1226,DNF,DNF,DNF,DNF
mycielskian7,95,95,1510,48,187,48,971
mycielskian6,47,47,472,24,1,24,1
dwt_878,878,878,7448,DNF,DNF,DNF,DNF
mycielskian4,11,11,40,6,0,6,1
mycielskian3,5,5,10,2,0,2,1
mycielskian2,2,2,2,0,0,0,1
bips07_1998,15066,15066,62198,DNF,DNF,DNF,DNF
mycielskian9,383,383,14542,DNF,DNF,DNF,DNF
mycielskian8,191,191,4720,DNF,DNF,DNF,DNF
testbig,17613,31223,61639,8,432,DNF,DNF
lpl2,3294,10881,32232,DNF,DNF,DNF,DNF
dwt_503,503,503,6027,DNF,DNF,DNF,DNF
N_biocarta,1498,1996,4335,0,2,DNF,DNF
str_200,363,363,3068,DNF,DNF,DNF,DNF
lp_grow22,440,946,8252,20,30335,DNF,DNF
G17,800,800,9334,DNF,DNF,DNF,DNF
g7jac020,5850,5850,45465,DNF,DNF,DNF,DNF
ash85,85,85,523,14,1,14,4430
cat_ears_3_4,5226,13271,39592,DNF,DNF,DNF,DNF
cat_ears_3_1,204,181,542,16,13,DNF,DNF
polblogs,1065,990,19025,DNF,DNF,DNF,DNF
n2c6-b9,306,1410,3060,0,1,DNF,DNF
bayer10,13436,13436,94926,DNF,DNF,DNF,DNF
Kaufhold,8765,8765,42471,DNF,DNF,DNF,DNF
n2c6-b1,105,15,210,11,1,11,1
n2c6-b3,1365,455,5460,DNF,DNF,DNF,DNF
n2c6-b2,455,105,1365,DNF,DNF,DNF,DNF
n2c6-b5,4945,3003,29670,DNF,DNF,DNF,DNF
n2c6-b4,3003,1365,15015,DNF,DNF,DNF,DNF
n2c6-b7,3990,5715,31920,DNF,DNF,DNF,DNF
bcsstm25,15439,15439,15439,0,69,0,1
sit100,10262,10262,61046,DNF,DNF,DNF,DNF
yeast,2361,2361,13828,DNF,DNF,DNF,DNF
G53,1000,1000,11828,DNF,DNF,DNF,DNF
G52,1000,1000,11832,DNF,DNF,DNF,DNF
G51,1000,1000,11818,DNF,DNF,DNF,DNF
lnsp_131,131,131,536,22,108,22,74264
G57,5000,5000,20000,0,31,0,1
G56,4969,4969,24996,DNF,DNF,DNF,DNF
G55,4969,4969,24996,DNF,DNF,DNF,DNF
G54,1000,1000,11832,DNF,DNF,DNF,DNF
G59,5000,5000,59140,DNF,DNF,DNF,DNF
G58,5000,5000,59140,DNF,DNF,DNF,DNF
dano3mip,3202,15851,81633,DNF,DNF,DNF,DNF
airfoil1_dual,8034,8034,23626,DNF,DNF,DNF,DNF
gre_216b,216,216,876,DNF,DNF,DNF,DNF
gre_216a,216,216,876,DNF,DNF,DNF,DNF
mahindas,1258,1258,7682,DNF,DNF,DNF,DNF
Zewail,4581,6592,54233,DNF,DNF,DNF,DNF
bwm2000,2000,2000,7996,4,7,DNF,DNF
sts4098,4098,4098,72356,DNF,DNF,DNF,DNF
dw256A,512,512,2480,DNF,DNF,DNF,DNF
dw256B,512,512,2500,DNF,DNF,DNF,DNF
lshp1009,1009,1009,6865,DNF,DNF,DNF,DNF
sphere2,66,66,450,24,291,DNF,DNF
sphere3,258,258,1794,DNF,DNF,DNF,DNF
dwt_992,992,992,16744,DNF,DNF,DNF,DNF
freeFlyingRobot_8,4398,4398,34958,14,51,CNO,CNO
145bit,1002,966,11315,DNF,DNF,DNF,DNF
mbeacxc,448,485,49920,DNF,DNF,DNF,DNF
iiasa,669,3639,7317,14,76561,DNF,DNF
df2177,630,10358,22336,DNF,DNF,DNF,DNF
rdb1250l,1250,1250,7300,DNF,DNF,DNF,DNF
rdb200,200,200,1120,DNF,DNF,DNF,DNF
gre_115,115,115,421,22,140,DNF,DNF
fpga_dcop_19,1220,1220,5892,2,2,DNF,DNF
dwt_1007,1007,1007,8575,DNF,DNF,DNF,DNF
dwt_1005,1005,1005,8621,DNF,DNF,DNF,DNF
ex20,2203,2203,69981,DNF,DNF,DNF,DNF
primagaz,1554,10836,21665,7,26,DNF,DNF
mesh2e1,306,306,2018,DNF,DNF,DNF,DNF
1138_bus,1138,1138,4054,16,10598,DNF,DNF
bp_1600,822,822,4841,34,7730,DNF,DNF
freeFlyingRobot_5,2878,2878,24582,14,29,CNO,CNO
freeFlyingRobot_4,2358,2358,18218,14,16,CNO,CNO
freeFlyingRobot_7,3918,3918,31046,14,102,CNO,CNO
freeFlyingRobot_6,3358,3358,27030,14,34,CNO,CNO
freeFlyingRobot_1,798,798,5246,14,2,CNO,CNO
watt_2,1856,1856,11550,DNF,DNF,DNF,DNF
freeFlyingRobot_3,1718,1718,12922,14,6,CNO,CNO
freeFlyingRobot_2,1338,1338,11600,14,4,CNO,CNO
lp_grow7,140,301,2612,DNF,DNF,DNF,DNF
freeFlyingRobot_9,4778,4778,39964,14,73,CNO,CNO
jagmesh5,1180,1180,7750,DNF,DNF,DNF,DNF
Erdos972,4749,4749,14170,DNF,DNF,DNF,DNF
Erdos971,433,433,2628,DNF,DNF,DNF,DNF
descriptor_xingo6u,20738,20738,73916,DNF,DNF,CNO,CNO
Cities,55,46,1342,38,2322,38,17152
n4c5-b2,455,105,1365,DNF,DNF,DNF,DNF
n4c5-b3,1350,455,5400,DNF,DNF,DNF,DNF
n4c5-b1,105,15,210,11,1,11,1
n4c5-b6,4735,4340,33145,DNF,DNF,DNF,DNF
n4c5-b7,3635,4735,29080,DNF,DNF,DNF,DNF
n4c5-b4,2852,1350,14260,DNF,DNF,DNF,DNF
n4c5-b5,4340,2852,26040,DNF,DNF,DNF,DNF
n4c5-b8,1895,3635,17055,DNF,DNF,DNF,DNF
n4c5-b9,630,1895,6300,DNF,DNF,DNF,DNF
extr1,2837,2837,11407,14,57,DNF,DNF
nemsafm,334,2348,2826,4,1,DNF,DNF
lp_beaconfd,173,295,3408,33,13,DNF,DNF
orsirr_2,886,886,5970,DNF,DNF,DNF,DNF
cz148,148,148,1527,21,2,DNF,DNF
orsirr_1,1030,1030,6858,DNF,DNF,DNF,DNF
rkat7_mat5,694,738,38114,DNF,DNF,DNF,DNF
refine,29,62,153,3,0,3,1
dwt_1242,1242,1242,10426,DNF,DNF,DNF,DNF
L-9,17983,17983,71192,DNF,DNF,DNF,DNF
mhd1280a,1280,1280,47906,44,15382,DNF,DNF
mhd1280b,1280,1280,12029,8,19,DNF,DNF
Goodwin_017,3317,3317,97773,DNF,DNF,DNF,DNF
Goodwin_013,1965,1965,56069,DNF,DNF,DNF,DNF
Goodwin_010,1182,1182,32282,DNF,DNF,DNF,DNF
ch8-8-b2,18816,1568,56448,DNF,DNF,DNF,DNF
ch8-8-b1,1568,64,3136,DNF,DNF,DNF,DNF
plskz362,362,362,1760,20,958,DNF,DNF
ibm32,32,32,126,13,1,13,2
lshp_265,265,265,1753,DNF,DNF,DNF,DNF
lp_agg,488,615,2862,DNF,DNF,DNF,DNF
Chem97Zt,2541,31022,62044,0,200,0,149
nopss_11k,11685,11685,44941,DNF,DNF,DNF,DNF
lp_dfl001,6071,12230,35632,DNF,DNF,DNF,DNF
lpi_greenbea,2390,5596,31074,DNF,DNF,DNF,DNF
162bit,3606,3476,37118,DNF,DNF,DNF,DNF
rdb450,450,450,2580,DNF,DNF,DNF,DNF
data,2851,2851,30186,DNF,DNF,DNF,DNF
nsic,465,897,3449,39,335,DNF,DNF
D_10,459,814,7614,DNF,DNF,DNF,DNF
D_11,169,457,2952,DNF,DNF,DNF,DNF
rajat27,20640,20640,99777,16,4656,DNF,DNF
se,32768,32768,98300,DNF,DNF,DNF,DNF
M40PI_n,2182,2182,5341,6,4,DNF,DNF
PGPgiantcompo,10680,10680,48632,DNF,DNF,DNF,DNF
utm3060,3060,3060,42211,DNF,DNF,DNF,DNF
lp_scagr7,129,185,465,6,1,6,29150
Journals,124,124,12068,DNF,DNF,DNF,DNF
can_24,24,24,160,8,0,8,1
fe_4elt2,11143,11143,65636,DNF,DNF,DNF,DNF
lshp1270,1270,1270,8668,DNF,DNF,DNF,DNF
lpi_pang,361,741,2933,17,16,DNF,DNF
lp_wood1p,244,2595,70216,DNF,DNF,DNF,DNF
bayer08,3008,3008,27576,69,4348,DNF,DNF
bayer09,3083,3083,21216,DNF,DNF,DNF,DNF
bayer06,3008,3008,27576,69,4227,DNF,DNF
bayer07,3268,3268,27836,69,2550,DNF,DNF
bayer04,20545,20545,159082,DNF,DNF,DNF,DNF
bayer05,3268,3268,27836,69,2613,DNF,DNF
bayer02,13935,13935,63679,27,30674,DNF,DNF
bayer03,6747,6747,56196,DNF,DNF,DNF,DNF
can_144,144,144,1296,12,1,DNF,DNF
nasa1824,1824,1824,39208,DNF,DNF,DNF,DNF
dwt_221,221,221,1629,14,1,DNF,DNF
lp_maros,846,1966,10137,DNF,DNF,DNF,DNF
bips07_2476,16861,16861,66498,DNF,DNF,DNF,DNF
car4,16384,33052,63724,0,157,DNF,DNF
G40,2000,2000,23532,DNF,DNF,DNF,DNF
G41,2000,2000,23570,DNF,DNF,DNF,DNF
G42,2000,2000,23558,DNF,DNF,DNF,DNF
G43,1000,1000,19980,DNF,DNF,DNF,DNF
G44,1000,1000,19980,DNF,DNF,DNF,DNF
G45,1000,1000,19980,DNF,DNF,DNF,DNF
G46,1000,1000,19980,DNF,DNF,DNF,DNF
G47,1000,1000,19980,DNF,DNF,DNF,DNF
G48,3000,3000,12000,0,10,0,1
G49,3000,3000,12000,0,9,0,1
ch4-4-b3,24,96,96,0,0,0,1
EX4,2600,2600,71760,DNF,DNF,DNF,DNF
filter2D,1668,1668,10750,DNF,DNF,DNF,DNF
dwt_310,310,310,2448,14,8234,DNF,DNF
freeFlyingRobot_16,6078,6078,44006,14,4921,CNO,CNO
can_1072,1072,1072,12444,DNF,DNF,DNF,DNF
spaceStation_1,99,99,927,DNF,DNF,CNO,CNO
spaceStation_3,467,467,5103,DNF,DNF,CNO,CNO
spaceStation_2,329,329,5817,DNF,DNF,CNO,CNO
spaceStation_5,1019,1019,15219,DNF,DNF,CNO,CNO
spaceStation_4,950,950,13626,DNF,DNF,CNO,CNO
spaceStation_7,1134,1134,18252,DNF,DNF,CNO,CNO
spaceStation_6,1111,1111,17595,DNF,DNF,CNO,CNO
spaceStation_9,1180,1180,19674,20,58,CNO,CNO
spaceStation_8,1157,1157,18945,20,30,CNO,CNO
mhd4800b,4800,4800,27520,2,29574,DNF,DNF
gre_343,343,343,1435,DNF,DNF,DNF,DNF
lock_700,691,691,22175,DNF,DNF,DNF,DNF
Maragal_3,1682,858,18391,DNF,DNF,DNF,DNF
Maragal_2,536,260,4357,19,8,DNF,DNF
Maragal_1,32,14,234,14,0,14,1
lp_ship08l,712,4363,12882,7,4,DNF,DNF
Maragal_5,4654,3296,93091,DNF,DNF,DNF,DNF
fome11,12142,24460,71264,0,675,DNF,DNF
rosen7,264,776,8034,8,1,DNF,DNF
rosen1,520,1544,23794,8,2,DNF,DNF
rosen2,1032,3080,47536,8,7,DNF,DNF
lp_ship08s,712,2467,7194,7,2,DNF,DNF
cz628,628,628,6346,19,29,DNF,DNF
cdde1,961,961,4681,DNF,DNF,DNF,DNF
cdde3,961,961,4681,DNF,DNF,DNF,DNF
cdde2,961,961,4681,DNF,DNF,DNF,DNF
cdde5,961,961,4681,DNF,DNF,DNF,DNF
cdde4,961,961,4681,DNF,DNF,DNF,DNF
lp_standgub,361,1383,3339,23,1935,DNF,DNF
cdde6,961,961,4681,DNF,DNF,DNF,DNF
Trec10,106,475,8612,79,3275,DNF,DNF
utm1700b,1700,1700,21509,DNF,DNF,DNF,DNF
NotreDame_yeast,1870,1870,4480,DNF,DNF,CNO,CNO
lp_qap12,3192,8856,38304,DNF,DNF,DNF,DNF
lp_qap15,6330,22275,94950,DNF,DNF,DNF,DNF
karate,34,34,156,8,0,8,1
young1c,841,841,4089,DNF,DNF,DNF,DNF
lp_tuff,302,628,4561,41,2,DNF,DNF
stufe-10,24010,24010,92828,DNF,DNF,DNF,DNF
ck104,104,104,992,0,1,0,1
shyy41,4720,4720,20042,DNF,DNF,DNF,DNF
lp_qap8,912,1632,7296,DNF,DNF,DNF,DNF
mark3jac020,9129,9129,56175,DNF,DNF,DNF,DNF
fpga_dcop_48,1220,1220,5892,2,2,DNF,DNF
fpga_dcop_49,1220,1220,5892,2,2,DNF,DNF
comsol,1500,1500,97645,DNF,DNF,DNF,DNF
fpga_dcop_42,1220,1220,5892,2,2,DNF,DNF
fpga_dcop_43,1220,1220,5892,2,2,DNF,DNF
fpga_dcop_40,1220,1220,5892,2,2,DNF,DNF
fpga_dcop_41,1220,1220,5892,2,2,DNF,DNF
fpga_dcop_46,1220,1220,5892,2,2,DNF,DNF
fpga_dcop_47,1220,1220,5892,2,2,DNF,DNF
fpga_dcop_44,1220,1220,5892,2,2,DNF,DNF
fpga_dcop_45,1220,1220,5892,2,2,DNF,DNF
utm300,300,300,3155,47,3091,DNF,DNF
mimo46x46_system,13250,13250,48735,DNF,DNF,CNO,CNO
lpi_chemcom,288,744,1590,DNF,DNF,DNF,DNF
lshp3466,3466,3466,23896,DNF,DNF,DNF,DNF
adder_dcop_16,1813,1813,11246,18,11,DNF,DNF
oscil_dcop_47,430,430,1544,2,1,DNF,DNF
bp_400,822,822,4028,DNF,DNF,DNF,DNF
kneser_8_3_1,15737,15681,47042,DNF,DNF,DNF,DNF
c-19,2327,2327,21817,DNF,DNF,DNF,DNF
c-18,2169,2169,15145,DNF,DNF,DNF,DNF
bcsstk03,112,112,640,0,1,0,1
lund_a,147,147,2449,DNF,DNF,DNF,DNF
lund_b,147,147,2441,DNF,DNF,DNF,DNF
dynamicSoaringProblem_3,2871,2871,32022,22,1380,CNO,CNO
dynamicSoaringProblem_2,1591,1591,15588,DNF,DNF,CNO,CNO
dynamicSoaringProblem_1,647,647,5367,22,5,CNO,CNO
dynamicSoaringProblem_7,3511,3511,37680,22,261,CNO,CNO
dynamicSoaringProblem_6,3431,3431,36741,22,412,CNO,CNO
dynamicSoaringProblem_5,3271,3271,36789,DNF,DNF,CNO,CNO
dynamicSoaringProblem_4,3191,3191,36516,22,34058,CNO,CNO
dynamicSoaringProblem_8,3543,3543,38136,22,255,CNO,CNO
Harvard500,500,378,2636,10,2,DNF,DNF
tumorAntiAngiogenesis_8,490,490,4776,8,1,CNO,CNO
jazz,198,198,5484,DNF,DNF,DNF,DNF
str_600,363,363,3279,23,34,DNF,DNF
gen,769,2561,63086,DNF,DNF,DNF,DNF
adder_dcop_26,1813,1813,11246,18,12,DNF,DNF
tumorAntiAngiogenesis_1,205,205,1783,8,1,CNO,CNO
pivtol,102,102,306,4,1,4,2
rel7,12770,1043,50636,DNF,DNF,DNF,DNF
b_dyn,1089,1089,4264,15,90,DNF,DNF
rel6,1300,155,5101,DNF,DNF,DNF,DNF
shl_200,663,663,1726,6,1,DNF,DNF
olm100,100,100,396,2,0,2,1
rel4,28,10,104,5,0,5,1
dwt_419,419,419,3563,DNF,DNF,DNF,DNF
shermanACd,6136,6136,53329,DNF,DNF,DNF,DNF
shermanACa,3432,3432,25220,DNF,DNF,DNF,DNF
orbitRaising_3,761,761,6098,16,1656,CNO,CNO
dwt_234,234,234,834,4,1,DNF,DNF
pde2961,2961,2961,14585,DNF,DNF,DNF,DNF
CSphd,723,1652,1740,0,1,0,1
adder_trans_01,1814,1814,14579,26,1741,CNO,CNO
adder_trans_02,1814,1814,14579,26,1730,CNO,CNO
dwt_307,307,307,2523,DNF,DNF,DNF,DNF
robot24c1_mat5_J,302,404,15118,DNF,DNF,CNO,CNO
bibd_17_4b,136,2380,14280,DNF,DNF,DNF,DNF
rdist3a,2398,2398,61896,DNF,DNF,DNF,DNF
poli,4008,4008,8188,3,9,DNF,DNF
ash608,608,188,1216,12,2,DNF,DNF
bfwa782,782,782,7514,DNF,DNF,DNF,DNF
spaceShuttleEntry_4,2450,2450,39669,DNF,DNF,CNO,CNO
young2c,841,841,4089,DNF,DNF,DNF,DNF
spaceShuttleEntry_1,560,560,6891,14,2,CNO,CNO
spaceShuttleEntry_3,1834,1834,28757,DNF,DNF,CNO,CNO
spaceShuttleEntry_2,1428,1428,24073,14,11,CNO,CNO
Franz1,2240,768,5120,DNF,DNF,DNF,DNF
D_8,1126,1266,14966,DNF,DNF,DNF,DNF
Franz2,4032,4480,21504,DNF,DNF,DNF,DNF
Franz5,7382,2882,44056,DNF,DNF,DNF,DNF
Franz4,6784,5252,46528,DNF,DNF,DNF,DNF
Franz7,10160,1740,40424,DNF,DNF,DNF,DNF
Franz6,7576,3016,45456,DNF,DNF,DNF,DNF
Franz9,19588,4164,97508,DNF,DNF,DNF,DNF
hydr1c,5308,5308,23752,DNF,DNF,DNF,DNF
D_6,967,433,6491,DNF,DNF,DNF,DNF
D_7,1270,970,12714,DNF,DNF,DNF,DNF
D_5,430,114,1832,DNF,DNF,DNF,DNF
GlossGT,60,35,122,5,0,5,1
SmaGri,594,1004,4919,DNF,DNF,DNF,DNF
cq9,9278,21534,96653,DNF,DNF,DNF,DNF
cq5,5048,11748,51571,DNF,DNF,DNF,DNF
coupled,11341,11341,98523,DNF,DNF,DNF,DNF
eurqsa,7245,7245,46142,DNF,DNF,DNF,DNF
GD06_Java,1506,882,8032,DNF,DNF,DNF,DNF
lpi_forest6,66,131,246,5,1,5,502
lp_greenbeb,2389,5598,31070,DNF,DNF,DNF,DNF
lp_greenbea,2389,5598,31070,DNF,DNF,DNF,DNF
lp_blend,74,114,522,11,1,11,880
nnc261,261,261,1500,22,12,DNF,DNF
b2_ss,1089,1089,4228,15,1199,DNF,DNF
SciMet,1781,2385,10413,DNF,DNF,DNF,DNF
lshp2614,2614,2614,17980,DNF,DNF,DNF,DNF
lpi_itest6,11,17,29,2,0,2,1
fpga_dcop_51,1220,1220,5892,2,2,DNF,DNF
fpga_dcop_50,1220,1220,5892,2,2,DNF,DNF
lpi_itest2,9,13,26,3,0,3,1
lnsp_511,511,511,2796,DNF,DNF,DNF,DNF
bp_1000,822,822,4661,35,17170,DNF,DNF
lp_stair,356,614,4003,25,7,DNF,DNF
lpi_qual,323,464,1646,23,19,DNF,DNF
EPA,1423,3626,8965,DNF,DNF,DNF,DNF
nos1,237,237,1017,4,1,4,907
nos2,957,957,4137,4,2,DNF,DNF
nos3,960,960,15844,DNF,DNF,DNF,DNF
nos4,100,100,594,14,1,DNF,DNF
nos5,468,468,5172,DNF,DNF,DNF,DNF
nos6,675,675,3255,DNF,DNF,DNF,DNF
nos7,729,729,4617,DNF,DNF,DNF,DNF
lp_sc105,105,163,340,5,1,DNF,DNF
c-28,4598,4598,30590,10,19257,DNF,DNF
c-29,5033,5033,43731,28,40217,DNF,DNF
c-26,4307,4307,34537,DNF,DNF,DNF,DNF
celegans_metabolic,453,453,4065,56,2552,CNO,CNO
c-24,4119,4119,35699,DNF,DNF,DNF,DNF
c-25,3797,3797,49635,DNF,DNF,DNF,DNF
c-22,3792,3792,28872,DNF,DNF,DNF,DNF
c-23,3969,3969,31079,4,14,DNF,DNF
c-20,2921,2921,22685,DNF,DNF,DNF,DNF
c-21,3509,3509,32157,DNF,DNF,DNF,DNF
lp_ken_07,2426,3602,8404,25,20,DNF,DNF
sherman4,1104,1104,3786,DNF,DNF,DNF,DNF
sherman5,3312,3312,20793,DNF,DNF,DNF,DNF
sherman1,1000,1000,3750,DNF,DNF,DNF,DNF
sherman2,1080,1080,23094,DNF,DNF,DNF,DNF
sherman3,5005,5005,20033,DNF,DNF,DNF,DNF
jendrec1,2109,4228,89608,58,10,DNF,DNF
3elt_dual,9000,9000,26556,DNF,DNF,DNF,DNF
rajat19,1157,1157,5399,8,2,DNF,DNF
rdb200l,200,200,1120,DNF,DNF,DNF,DNF
fv3,9801,9801,87025,DNF,DNF,DNF,DNF
fv2,9801,9801,87025,DNF,DNF,DNF,DNF
fv1,9604,9604,85264,DNF,DNF,DNF,DNF
sctap1-2b,15390,33858,99454,34,2746,DNF,DNF
sctap1-2c,3390,7458,21854,34,93,DNF,DNF
bibd_12_5,66,792,7920,55,1374,DNF,DNF
bibd_12_4,66,495,2970,DNF,DNF,DNF,DNF
Lederberg,4529,8150,41601,DNF,DNF,DNF,DNF
p2p-Gnutella30,9722,36453,88328,DNF,DNF,CNO,CNO
p0548,176,724,1887,10,1,DNF,DNF
mk9-b2,1260,378,3780,DNF,DNF,DNF,DNF
mk9-b3,945,1260,3780,DNF,DNF,DNF,DNF
mk9-b1,378,36,756,25,3704,DNF,DNF
pcb3000,3960,7732,57479,DNF,DNF,DNF,DNF
power,4941,4941,13188,16,1537,DNF,DNF
bips07_3078,21128,21128,75729,DNF,DNF,DNF,DNF
TSOPF_RS_b9_c6,7224,7224,54082,6,63,CNO,CNO
west0381,381,381,2157,37,4,DNF,DNF
N_reactome,9987,16559,43816,8,255,DNF,DNF
GL6_D_10,162,339,2053,DNF,DNF,DNF,DNF
mycielskian5,23,23,142,12,1,12,1
bibd_14_7,91,3432,72072,78,729,DNF,DNF
lesmis,77,77,508,10,1,10,2
fpga_trans_01,1220,1220,7382,4,2,DNF,DNF
fpga_trans_02,1220,1220,7382,4,2,DNF,DNF
G62,7000,7000,28000,0,71,0,1
G63,7000,7000,82918,DNF,DNF,DNF,DNF
G60,6957,6957,34296,DNF,DNF,DNF,DNF
G61,6957,6957,34296,DNF,DNF,DNF,DNF
G66,9000,9000,36000,0,139,0,1
G67,10000,10000,40000,0,181,0,1
G64,7000,7000,82918,DNF,DNF,DNF,DNF
G65,8000,8000,32000,0,102,0,1
eris1176,1176,1176,18552,8,9,DNF,DNF
Pd_rhs,4371,5804,6323,0,7,0,1
lp_grow15,300,645,5620,DNF,DNF,DNF,DNF
stormg2-27,14387,37485,94274,DNF,DNF,DNF,DNF
can_1054,1054,1054,12196,DNF,DNF,DNF,DNF
GD97_b,46,46,264,11,0,11,1
GD97_c,64,428,460,1,1,1,1
GD97_a,84,84,332,24,23357,DNF,DNF
mhdb416,416,416,2312,2,13,DNF,DNF
west0132,132,132,414,6,1,DNF,DNF
GD99_b,64,64,252,20,804,DNF,DNF
GD99_c,67,104,149,0,0,0,1
gams30a,354,531,1287,2,1,2,6
Alemdar,6245,6245,42581,DNF,DNF,DNF,DNF
air03,124,10757,91028,58,3000,DNF,DNF
air02,50,6774,61555,31,120,31,3624
air05,426,7195,52121,DNF,DNF,DNF,DNF
air04,823,8904,72965,DNF,DNF,DNF,DNF
air06,825,8627,70806,DNF,DNF,DNF,DNF
dwt_209,209,209,1743,DNF,DNF,DNF,DNF
dwt_758,758,758,5994,DNF,DNF,DNF,DNF
d_dyn,87,87,238,5,1,5,9
epb1,14734,14734,95053,DNF,DNF,DNF,DNF
epb0,1794,1794,7764,5,8,DNF,DNF
add32,4960,4960,23884,4,32,DNF,DNF
Franz3,1280,2800,11520,DNF,DNF,DNF,DNF
D_9,814,1129,12395,DNF,DNF,DNF,DNF
cr42,905,1513,6614,13,1,DNF,DNF
can_634,634,634,7228,DNF,DNF,DNF,DNF
IG5-13,3994,2532,91209,DNF,DNF,DNF,DNF
IG5-12,2296,1578,46260,DNF,DNF,DNF,DNF
IG5-11,1227,902,22110,DNF,DNF,DNF,DNF
IG5-10,652,527,10273,DNF,DNF,DNF,DNF
GD01_b,18,18,37,1,0,1,1
nemscem,651,1712,3840,9,3,DNF,DNF
lp_degen3,1503,2604,25432,DNF,DNF,DNF,DNF
lp_degen2,444,757,4201,DNF,DNF,DNF,DNF
ash292,292,292,2208,18,7,DNF,DNF
west0989,989,989,3537,14,12,DNF,DNF
young3c,841,841,3988,DNF,DNF,DNF,DNF
ukerbe1,5981,5981,15704,0,29,0,1
bfwb782,782,782,5982,DNF,DNF,DNF,DNF
lp_share1b,117,253,1179,7,1,DNF,DNF
tols340,340,340,2196,18,1,DNF,DNF
fpga_dcop_20,1220,1220,5892,2,2,DNF,DNF
fpga_dcop_21,1220,1220,5892,2,2,DNF,DNF
fpga_dcop_22,1220,1220,5892,2,2,DNF,DNF
fpga_dcop_23,1220,1220,5892,2,2,DNF,DNF
fpga_dcop_24,1220,1220,5892,2,2,DNF,DNF
fpga_dcop_25,1220,1220,5892,2,2,DNF,DNF
fpga_dcop_26,1220,1220,5892,2,2,DNF,DNF
fpga_dcop_27,1220,1220,5892,2,2,DNF,DNF
fpga_dcop_28,1220,1220,5892,2,2,DNF,DNF
fpga_dcop_29,1220,1220,5892,2,2,DNF,DNF
ex12,3973,3973,80211,DNF,DNF,DNF,DNF
Tina_AskCal,11,10,29,3,0,3,1
ex14,3251,3251,66775,DNF,DNF,DNF,DNF
ex15,6867,6867,98671,DNF,DNF,DNF,DNF
radfr1,1048,1048,13299,20,52,DNF,DNF
lns_511,511,511,2796,DNF,DNF,DNF,DNF
lp_israel,174,316,2443,38,123,DNF,DNF
olm1000,1000,1000,3996,2,1,2,528
ch5-5-b4,120,600,600,0,1,0,1
ch5-5-b3,600,600,2400,DNF,DNF,DNF,DNF
ch5-5-b2,600,200,1800,DNF,DNF,DNF,DNF
ch5-5-b1,200,25,400,17,4,17,739
gre_1107,1107,1107,5664,DNF,DNF,DNF,DNF
photogrammetry2,4472,936,37056,DNF,DNF,CNO,CNO
wm3,207,259,2948,DNF,DNF,DNF,DNF
wm2,207,259,2942,DNF,DNF,DNF,DNF
wm1,207,260,2909,DNF,DNF,DNF,DNF
large,4282,7297,20635,DNF,DNF,DNF,DNF
oscil_dcop_54,430,430,1544,2,1,DNF,DNF
oscil_dcop_55,430,430,1544,2,1,DNF,DNF
small,677,1180,3207,30,4282,DNF,DNF
oscil_dcop_56,430,430,1544,2,1,DNF,DNF
GD01_c,30,30,135,7,0,7,1
c-38,8127,8127,77689,DNF,DNF,DNF,DNF
GD01_a,196,178,645,22,13,DNF,DNF
oscil_dcop_57,430,430,1544,2,1,DNF,DNF
S80PI_n1,4027,4027,9927,4,13,DNF,DNF
c-31,5339,5339,78571,DNF,DNF,DNF,DNF
c-30,5321,5321,65693,30,163,DNF,DNF
c-33,6317,6317,56123,DNF,DNF,DNF,DNF
c-32,5975,5975,54471,30,118,DNF,DNF
c-35,6537,6537,62891,DNF,DNF,DNF,DNF
c-34,6611,6611,64333,DNF,DNF,DNF,DNF
c-37,8204,8204,74676,DNF,DNF,DNF,DNF
c-36,7479,7479,65941,DNF,DNF,DNF,DNF
lp_ken_11,14694,21349,49058,53,1704,DNF,DNF
lp_ken_13,28632,42659,97246,71,4432,DNF,DNF
ck656,656,656,3884,0,1,DNF,DNF
diag,2559,2559,8184,0,6,0,1
b1_ss,7,7,15,3,0,3,1
circuit_1,2624,2624,35823,DNF,DNF,DNF,DNF
p2p-Gnutella24,7570,26187,65369,DNF,DNF,CNO,CNO
circuit_3,12127,12127,48137,22,5051,DNF,DNF
circuit_2,4510,4510,21199,DNF,DNF,DNF,DNF
n3c5-b3,210,120,840,DNF,DNF,DNF,DNF
p2756,755,3511,9692,15,10,DNF,DNF
n3c5-b1,45,10,90,8,0,8,1
n3c5-b7,30,120,240,14,1,14,610
n3c5-b6,120,210,840,DNF,DNF,DNF,DNF
arc130,130,130,1282,13,1,DNF,DNF
n3c5-b4,252,210,1260,DNF,DNF,DNF,DNF
GL6_D_6,465,199,2526,DNF,DNF,DNF,DNF
GL6_D_7,636,469,5378,DNF,DNF,DNF,DNF
GL6_D_8,542,632,6153,DNF,DNF,DNF,DNF
GL6_D_9,339,542,4349,DNF,DNF,DNF,DNF
p0282,241,523,2207,21,1,DNF,DNF
Tina_DisCal,11,10,41,5,0,5,1
n2c6-b8,1470,3990,13230,DNF,DNF,DNF,DNF
fpga_dcop_10,1220,1220,5884,2,2,DNF,DNF
lp_cre_a,3428,7248,18168,DNF,DNF,DNF,DNF
lp_cre_c,2986,6411,15977,DNF,DNF,DNF,DNF
commanche_dual,7920,7920,31680,DNF,DNF,CNO,CNO
orsreg_1,2205,2205,14133,DNF,DNF,DNF,DNF
fpga_dcop_13,1220,1220,5892,2,2,DNF,DNF
Roget,997,996,5075,DNF,DNF,DNF,DNF
G19,800,800,9322,DNF,DNF,DNF,DNF
G18,800,800,9388,DNF,DNF,DNF,DNF
pde225,225,225,1065,DNF,DNF,DNF,DNF
G16,800,800,9344,DNF,DNF,DNF,DNF
G15,800,800,9322,DNF,DNF,DNF,DNF
G14,800,800,9388,DNF,DNF,DNF,DNF
G13,800,800,3200,DNF,DNF,DNF,DNF
G12,800,800,3200,0,1,0,1
G11,800,800,3200,0,1,0,1
G10,800,800,38352,DNF,DNF,DNF,DNF
gams60am,714,1071,2607,2,1,2,59310
lp_scrs8,490,1275,3288,DNF,DNF,DNF,DNF
n2c6-b6,5715,4945,40005,DNF,DNF,DNF,DNF
young4c,841,841,4089,DNF,DNF,DNF,DNF
cavity01,317,317,7327,48,5104,DNF,DNF
abtaha1,14596,209,51307,DNF,DNF,DNF,DNF
nemspmm1,2362,8903,55867,DNF,DNF,DNF,DNF
nemspmm2,2301,8734,68225,DNF,DNF,DNF,DNF
lp_standata,359,1274,3230,23,691,DNF,DNF
whitaker3_dual,19190,19190,57162,DNF,DNF,CNO,CNO
lutz30-23-b6,1716,3003,12012,DNF,DNF,DNF,DNF
shl_400,663,663,1712,6,1,DNF,DNF
lp_fffff800,524,1028,6401,33,162,DNF,DNF
lp_cycle,1890,3371,21234,31,702,DNF,DNF
tub100,100,100,396,4,1,4,1
lp_share2b,96,162,777,9,357,DNF,DNF
cz5108,5108,5108,51412,19,7385,DNF,DNF
lpi_refinery,323,464,1626,21,585,DNF,DNF
west0655,655,655,2854,DNF,DNF,DNF,DNF
S10PI_n1,527,527,1317,4,1,DNF,DNF
G50,3000,3000,12000,DNF,DNF,DNF,DNF
cs4,22499,22499,87716,DNF,DNF,DNF,DNF
bcsstk01,48,48,400,24,70,24,79262
bcsstk02,66,66,4356,DNF,DNF,DNF,DNF
Sandi_authors,86,86,248,4,0,4,1
bcsstk04,132,132,3648,48,2058,DNF,DNF
bcsstk05,153,153,2423,24,24,DNF,DNF
bcsstk06,420,420,7860,DNF,DNF,DNF,DNF
bcsstk07,420,420,7860,DNF,DNF,DNF,DNF
bcsstk08,1074,1074,12960,DNF,DNF,DNF,DNF
bcsstk09,1083,1083,18437,DNF,DNF,DNF,DNF
klein-b2,20,30,60,6,1,6,1
thermal,3456,3456,66528,DNF,DNF,DNF,DNF
klein-b1,30,10,60,5,0,5,1
S20PI_n,1182,1182,2881,6,1,DNF,DNF
lp_scorpion,388,466,1534,9,1,DNF,DNF
jan99jac040sc,13694,13694,82842,DNF,DNF,DNF,DNF
pores_1,30,30,180,9,0,9,1
pores_3,532,532,3474,18,61,DNF,DNF
pores_2,1224,1224,9613,DNF,DNF,DNF,DNF
ukerbe1_dual,1866,1866,7076,DNF,DNF,DNF,DNF
L,956,956,3640,DNF,DNF,DNF,DNF
fpga_dcop_33,1220,1220,5892,2,2,DNF,DNF
fpga_dcop_32,1220,1220,5892,2,2,DNF,DNF
fpga_dcop_31,1220,1220,5892,2,2,DNF,DNF
fpga_dcop_30,1220,1220,5892,2,2,DNF,DNF
fpga_dcop_37,1220,1220,5892,2,2,DNF,DNF
fpga_dcop_36,1220,1220,5892,2,2,DNF,DNF
fpga_dcop_35,1220,1220,5892,2,2,DNF,DNF
fpga_dcop_34,1220,1220,5892,2,2,DNF,DNF
fpga_dcop_39,1220,1220,5892,2,2,DNF,DNF
fpga_dcop_38,1220,1220,5892,2,2,DNF,DNF
rail_5177,5177,5177,35185,DNF,DNF,DNF,DNF
west0479,479,479,1910,33,17858,DNF,DNF
ch7-6-b4,15120,12600,75600,DNF,DNF,DNF,DNF
ch7-6-b5,5040,15120,30240,DNF,DNF,DNF,DNF
garon1,3175,3175,88927,DNF,DNF,DNF,DNF
ch7-6-b1,630,42,1260,DNF,DNF,DNF,DNF
ch7-6-b2,4200,630,12600,DNF,DNF,DNF,DNF
ch7-6-b3,12600,4200,50400,DNF,DNF,DNF,DNF
psse1,14318,11028,57376,DNF,DNF,DNF,DNF
msc01440,1440,1440,46270,DNF,DNF,DNF,DNF
lp22,2958,16392,68518,DNF,DNF,DNF,DNF
wheel_5_1,57,61,182,13,1,13,17141
USAir97,332,332,4252,52,7798,DNF,DNF
gre_185,185,185,1005,DNF,DNF,DNF,DNF
wheel_7_1,114,113,338,17,6,DNF,DNF
shar_te2-b1,17160,286,34320,DNF,DNF,DNF,DNF
Trec8,23,83,549,17,1,17,1
cond-mat,16264,16264,95188,DNF,DNF,DNF,DNF
685_bus,685,685,3249,14,195,DNF,DNF
aa03,825,8627,70806,DNF,DNF,DNF,DNF
aa01,823,8904,72965,DNF,DNF,DNF,DNF
bp_1200,822,822,4726,34,4230,DNF,DNF
divorce,50,9,225,8,0,8,1
aa5,801,8308,65953,DNF,DNF,DNF,DNF
aa4,426,7195,52121,DNF,DNF,DNF,DNF
aa6,646,7292,51728,DNF,DNF,DNF,DNF
aa3,825,8627,70806,DNF,DNF,DNF,DNF
wheel_3_1,21,25,74,8,1,8,1
bcsstm09,1083,1083,1083,0,1,0,1
tub1000,1000,1000,3996,4,7,4,12930
LFAT5000,19994,19994,79966,DNF,DNF,DNF,DNF
relat4,46,10,172,4,0,4,1
p0291,252,543,2283,26,1,DNF,DNF
relat6,2063,155,8108,DNF,DNF,DNF,DNF
relat7,20500,1043,81355,DNF,DNF,DNF,DNF
relat3,8,3,24,3,0,3,1
dwt_918,918,918,7384,DNF,DNF,DNF,DNF
kleemin,8,16,44,6,0,6,1
pf2177,9728,9908,30984,DNF,DNF,DNF,DNF
130bit,584,567,6120,DNF,DNF,DNF,DNF
WorldCities,313,100,7518,DNF,DNF,DNF,DNF
bibd_9_3,36,84,252,22,92,DNF,DNF
bibd_9_5,36,126,1260,34,7,34,5519
can_187,187,187,1491,22,116,DNF,DNF
blckhole,2132,2132,14872,DNF,DNF,DNF,DNF
ex6,1651,1651,49533,DNF,DNF,DNF,DNF
ex7,1633,1633,54543,DNF,DNF,DNF,DNF
ex4,1601,1601,32299,DNF,DNF,DNF,DNF
ex5,27,27,279,9,0,9,1
ex2,441,441,26839,70,2553,DNF,DNF
ex3,1821,1821,52685,DNF,DNF,DNF,DNF
dwt_592,592,592,5104,DNF,DNF,DNF,DNF
ex8,3096,3096,106344,DNF,DNF,DNF,DNF
ex9,3363,3363,99471,DNF,DNF,DNF,DNF
rdb800l,800,800,4640,DNF,DNF,DNF,DNF
cep1,1521,4769,8233,4,4,DNF,DNF
qh768,768,768,2934,14,344,DNF,DNF
jpwh_991,991,991,6027,DNF,DNF,DNF,DNF
gas11,459,860,2166,6,1,DNF,DNF
watt_1,1856,1856,11360,DNF,DNF,DNF,DNF
msc04515,4515,4515,97707,DNF,DNF,DNF,DNF
lp_woodw,1098,8418,37487,56,122,DNF,DNF
lop163,163,163,935,16,40,DNF,DNF
Chem97ZtZ,2541,2541,7361,0,3,0,1
extr1b,2836,2836,11404,14,54,DNF,DNF
relat5,276,33,1058,10,1,10,4
gent113,113,113,655,17,1,DNF,DNF
plbuckle,1282,1282,30644,0,4,DNF,DNF
bcsstk13,2003,2003,83883,DNF,DNF,DNF,DNF
bcsstk12,1473,1473,34241,DNF,DNF,DNF,DNF
bcsstk11,1473,1473,34241,DNF,DNF,DNF,DNF
bcsstk10,1086,1086,22070,DNF,DNF,DNF,DNF
bcsstk14,1806,1806,63454,DNF,DNF,DNF,DNF
bcsstk19,817,817,6853,6,2,DNF,DNF
gams10a,114,171,407,2,1,2,1
Stranke94,10,10,90,10,0,10,1
lnsp3937,3937,3937,25407,DNF,DNF,DNF,DNF
lp_ganges,1309,1706,6937,DNF,DNF,DNF,DNF
LeGresley_4908,4908,4908,30482,DNF,DNF,CNO,CNO
S40PI_n1,2027,2027,5007,4,3,DNF,DNF
m3plates,6639,6639,6639,0,8,0,1
will199,199,199,701,14,2,DNF,DNF
as-735,6474,6474,26467,DNF,DNF,DNF,DNF
lpi_pilot4i,410,1123,5264,47,79647,DNF,DNF
ex36,3079,3079,53843,DNF,DNF,DNF,DNF
ex37,3565,3565,67591,DNF,DNF,DNF,DNF
olm5000,5000,5000,19996,2,16,DNF,DNF
ex32,1159,1159,11343,DNF,DNF,DNF,DNF
ex33,1733,1733,22189,DNF,DNF,DNF,DNF
fpga_dcop_08,1220,1220,5888,2,2,DNF,DNF
ex31,3909,3909,115357,DNF,DNF,DNF,DNF
fpga_dcop_06,1220,1220,5860,2,2,DNF,DNF
fpga_dcop_07,1220,1220,5855,2,2,DNF,DNF
fpga_dcop_04,1220,1220,5884,2,2,DNF,DNF
fpga_dcop_05,1220,1220,5852,2,2,DNF,DNF
fpga_dcop_02,1220,1220,5892,2,2,DNF,DNF
fpga_dcop_03,1220,1220,5892,2,2,DNF,DNF
fpga_dcop_01,1220,1220,5892,2,2,DNF,DNF
lpi_bgprtr,20,40,70,4,0,4,1
orani678,2529,2529,90158,DNF,DNF,DNF,DNF
adder_dcop_50,1813,1813,11246,18,11,DNF,DNF
adder_dcop_51,1813,1813,11246,18,11,DNF,DNF
meg1,2904,2904,58142,DNF,DNF,DNF,DNF
msc01050,1050,1050,29156,DNF,DNF,DNF,DNF
aircraft,3754,7517,20267,6,26,DNF,DNF
add20,2395,2395,17319,50,1027,DNF,DNF
pde900,900,900,4380,DNF,DNF,DNF,DNF
bips98_606,7135,7135,34738,DNF,DNF,DNF,DNF
bwm200,200,200,796,4,1,DNF,DNF
n4c5-b10,120,630,1320,14,5,DNF,DNF
n4c5-b11,10,120,120,0,0,0,1
CollegeMsg,1350,1862,20296,DNF,DNF,DNF,DNF
scrs8-2b,1820,3499,7367,22,5,DNF,DNF
scrs8-2c,1820,3499,7367,22,5,DNF,DNF
cage9,3534,3534,41594,DNF,DNF,DNF,DNF
cage8,1015,1015,11003,DNF,DNF,DNF,DNF
cage5,37,37,233,14,1,14,1
cage4,9,9,49,9,0,9,1
cage7,340,340,3084,DNF,DNF,DNF,DNF
cage6,93,93,785,DNF,DNF,DNF,DNF
scrs8-2r,14364,27691,58439,22,610,DNF,DNF
qiulp,1192,1900,4492,40,34828,DNF,DNF
lock2232,2208,2208,80352,DNF,DNF,DNF,DNF
netz4504,1961,1961,5156,0,3,0,1
p2p-Gnutella06,3739,8638,31525,DNF,DNF,CNO,CNO
p2p-Gnutella05,3850,8728,31839,DNF,DNF,CNO,CNO
p2p-Gnutella04,4935,10856,39994,DNF,DNF,CNO,CNO
p2p-Gnutella09,3055,8038,26013,DNF,DNF,CNO,CNO
p2p-Gnutella08,2465,6221,20777,DNF,DNF,CNO,CNO
t2dal_e,4257,4257,4257,0,3,0,1
t2dal_a,4257,4257,37465,DNF,DNF,DNF,DNF
str_0,363,363,2454,DNF,DNF,DNF,DNF
memplus,17758,17758,126150,DNF,DNF,DNF,DNF
n3c6-b2,455,105,1365,DNF,DNF,DNF,DNF
ch7-8-b2,11760,1176,35280,DNF,DNF,DNF,DNF
n3c6-b1,105,15,210,11,1,11,1
n3c6-b6,6435,5005,45045,DNF,DNF,DNF,DNF
n3c6-b7,6435,6435,51480,DNF,DNF,DNF,DNF
Trefethen_700,700,700,12654,DNF,DNF,DNF,DNF
n3c6-b5,5005,3003,30030,DNF,DNF,DNF,DNF
n3c6-b8,4935,6435,44415,DNF,DNF,DNF,DNF
n3c6-b9,2511,4935,25110,DNF,DNF,DNF,DNF
M10PI_n1,527,527,1317,4,1,DNF,DNF
G31,2000,2000,39980,DNF,DNF,DNF,DNF
G30,2000,2000,39980,DNF,DNF,DNF,DNF
G33,2000,2000,8000,DNF,DNF,DNF,DNF
G32,2000,2000,8000,0,3,0,1
G35,2000,2000,23556,DNF,DNF,DNF,DNF
G34,2000,2000,8000,0,3,0,1
G37,2000,2000,23570,DNF,DNF,DNF,DNF
G36,2000,2000,23532,DNF,DNF,DNF,DNF
G39,2000,2000,23556,DNF,DNF,DNF,DNF
G38,2000,2000,23558,DNF,DNF,DNF,DNF
lpi_gosh,3790,13455,99953,DNF,DNF,DNF,DNF
illc1033,1033,320,4732,12,1,DNF,DNF
qh882,882,882,3354,8,3,DNF,DNF
lp_scagr25,471,671,1725,6,1,DNF,DNF
slptsk,2861,3347,72465,196,1350,DNF,DNF
dwt_346,346,346,3226,32,7914,DNF,DNF
rgg010,10,10,76,8,0,8,1
poisson2D,367,367,2417,DNF,DNF,DNF,DNF
CAG_mat364,364,364,13585,DNF,DNF,DNF,DNF
cegb3024,2996,2996,79848,DNF,DNF,DNF,DNF
dwt_162,162,162,1182,14,2,DNF,DNF
grid1_dual,224,224,840,0,1,DNF,DNF
rbsb480,480,480,17088,DNF,DNF,DNF,DNF
bfwa62,62,62,450,11,1,11,416
n4c6-b15,60,920,960,0,1,0,1
n4c6-b14,920,6300,13800,DNF,DNF,DNF,DNF
n4c6-b13,6300,25605,88200,DNF,DNF,DNF,DNF
n3c6-b11,60,630,720,0,1,0,1
lshp3025,3025,3025,20833,DNF,DNF,DNF,DNF
LeGresley_2508,2508,2508,16727,DNF,DNF,CNO,CNO
lap_25,25,25,169,10,1,10,1
fs_541_1,541,541,4285,37,38634,DNF,DNF
fs_541_3,541,541,4285,37,38836,DNF,DNF
fs_541_2,541,541,4285,37,39259,DNF,DNF
fs_541_4,541,541,4285,37,38750,DNF,DNF
mcfe,765,765,24382,DNF,DNF,DNF,DNF
lhr02,2954,2954,37206,22,35,DNF,DNF
lhr01,1477,1477,18592,DNF,DNF,DNF,DNF
lhr04,4101,4101,82682,DNF,DNF,DNF,DNF
big,13209,13209,91465,DNF,DNF,DNF,DNF
ex1,216,216,4352,40,37,40,15640
GD01_Acap,196,178,645,22,13,DNF,DNF
lp_shell,536,1777,3558,19,196,DNF,DNF
bcsstk26,1922,1922,30336,DNF,DNF,DNF,DNF
bcsstk27,1224,1224,56126,DNF,DNF,DNF,DNF
bcsstk22,138,138,696,8,1,DNF,DNF
bcsstk23,3134,3134,45178,DNF,DNF,DNF,DNF
bcsstk20,485,485,3135,12,3,DNF,DNF
bcsstk21,3600,3600,26600,0,26,0,1
shl_0,663,663,1687,2,1,DNF,DNF
dwt_2680,2680,2680,25026,DNF,DNF,DNF,DNF
lp_perold,625,1506,6148,DNF,DNF,DNF,DNF
cat_ears_2_4,1009,2689,7982,DNF,DNF,DNF,DNF
cat_ears_2_1,85,85,254,14,2,DNF,DNF
bcsstm20,485,485,485,0,1,0,1
bcsstm21,3600,3600,3600,0,2,0,1
bcsstm22,138,138,138,0,0,0,1
bcsstm23,3134,3134,3134,0,2,0,1
bcsstm24,3562,3562,3562,0,2,0,1
gemat1,4929,10595,47369,DNF,DNF,DNF,DNF
bcsstm26,1922,1922,1922,0,1,0,1
bcsstm27,1224,1224,56126,DNF,DNF,DNF,DNF
cat_ears_4_1,377,313,938,15,9,DNF,DNF
ex21,656,656,19144,62,37236,DNF,DNF
fpga_dcop_18,1220,1220,5892,2,2,DNF,DNF
ex23,1409,1409,43703,DNF,DNF,DNF,DNF
ex22,839,839,22715,30,8,DNF,DNF
ex25,848,848,24612,DNF,DNF,DNF,DNF
ex24,2283,2283,48737,DNF,DNF,DNF,DNF
ex27,974,974,40782,DNF,DNF,DNF,DNF
ex26,2163,2163,94033,DNF,DNF,DNF,DNF
fpga_dcop_11,1220,1220,5892,2,2,DNF,DNF
ex28,2603,2603,77781,DNF,DNF,DNF,DNF
hep-th,7610,7610,31502,DNF,DNF,DNF,DNF
fpga_dcop_12,1220,1220,5892,2,2,DNF,DNF
fpga_dcop_15,1220,1220,5892,2,2,DNF,DNF
fpga_dcop_14,1220,1220,5892,2,2,DNF,DNF
fpga_dcop_17,1220,1220,5892,2,2,DNF,DNF
fpga_dcop_16,1220,1220,5892,2,2,DNF,DNF
t2dal,4257,4257,37465,DNF,DNF,DNF,DNF
gemat12,4929,4929,33111,DNF,DNF,DNF,DNF
gemat11,4929,4929,33185,DNF,DNF,DNF,DNF
ash331,331,104,662,9,1,DNF,DNF
soc-sign-bitcoin-otc,4814,5858,35592,DNF,DNF,CNO,CNO
lhr04c,4101,4101,82682,DNF,DNF,DNF,DNF
cz2548,2548,2548,25674,19,1669,DNF,DNF
ch3-3-b2,6,18,18,0,0,0,1
ch3-3-b1,18,9,36,5,0,5,1
lp_capri,271,482,1896,32,7016,DNF,DNF
ch7-8-b1,1176,56,2352,DNF,DNF,DNF,DNF
lpi_reactor,318,808,2591,24,45,DNF,DNF
lp_sc205,205,317,665,5,2,DNF,DNF
lp_bore3d,233,334,1448,21,1,DNF,DNF
ex29,2870,2870,23754,DNF,DNF,DNF,DNF
uk,4824,4824,13674,DNF,DNF,DNF,DNF
N_pid,2854,3923,8054,10,3294,DNF,DNF
problem1,415,415,2779,DNF,DNF,DNF,DNF
tomography,500,500,28726,DNF,DNF,DNF,DNF
rw5151,5151,5151,20199,DNF,DNF,DNF,DNF
fs_680_1,680,680,2646,12,2,DNF,DNF
nnc666,666,666,4044,36,6109,DNF,DNF
Sieber,2290,2290,14873,8,276,DNF,DNF
rosen10,2056,6152,64192,8,21,DNF,DNF
TS,2142,2142,45262,0,11,DNF,DNF
662_bus,662,662,2474,24,9703,DNF,DNF
lp_25fv47,820,1876,10705,DNF,DNF,DNF,DNF
d_dyn1,87,87,238,5,1,5,8
flower_8_1,625,513,1538,24,11453,DNF,DNF
tuma1,22967,22967,87760,DNF,DNF,DNF,DNF
tuma2,12992,12992,49365,DNF,DNF,DNF,DNF
cryg10000,10000,10000,49699,DNF,DNF,DNF,DNF
LF10,18,18,82,4,0,4,1
soc-sign-bitcoin-alpha,3286,3754,24186,DNF,DNF,CNO,CNO
G26,2000,2000,39980,DNF,DNF,DNF,DNF
G27,2000,2000,39980,DNF,DNF,DNF,DNF
G24,2000,2000,39980,DNF,DNF,DNF,DNF
G25,2000,2000,39980,DNF,DNF,DNF,DNF
G22,2000,2000,39980,DNF,DNF,DNF,DNF
G23,2000,2000,39980,DNF,DNF,DNF,DNF
G20,800,800,9344,DNF,DNF,DNF,DNF
G21,800,800,9334,DNF,DNF,DNF,DNF
lp_finnis,497,1064,2760,36,200,DNF,DNF
G28,2000,2000,39980,DNF,DNF,DNF,DNF
G29,2000,2000,39980,DNF,DNF,DNF,DNF
ge,10099,16369,44825,DNF,DNF,DNF,DNF
p05,5090,9590,59045,DNF,DNF,DNF,DNF
can_292,292,292,2540,36,778,DNF,DNF
flower_4_1,121,129,386,23,3764,DNF,DNF
flower_4_4,1837,5529,16466,DNF,DNF,DNF,DNF
tols2000,2000,2000,5184,0,2,DNF,DNF
mesh1em1,48,48,306,18,3,18,418
mesh1em6,48,48,306,18,3,18,420
adder_dcop_09,1813,1813,11239,18,13,DNF,DNF
adder_dcop_08,1813,1813,11242,18,11,DNF,DNF
lp_pilot_ja,940,2267,14977,DNF,DNF,DNF,DNF
adder_dcop_05,1813,1813,11097,18,11,DNF,DNF
adder_dcop_04,1813,1813,11107,18,11,DNF,DNF
adder_dcop_07,1813,1813,11226,18,10,DNF,DNF
adder_dcop_06,1813,1813,11224,18,12,DNF,DNF
adder_dcop_01,1813,1813,11156,18,10,DNF,DNF
adder_dcop_03,1813,1813,11148,18,11,DNF,DNF
adder_dcop_02,1813,1813,11246,18,11,DNF,DNF
ncvxqp9,16554,16554,54040,30,51673,DNF,DNF
fd18,16428,16428,63406,DNF,DNF,DNF,DNF
fd15,11532,11532,44206,DNF,DNF,DNF,DNF
ncvxqp1,12111,12111,73963,DNF,DNF,DNF,DNF
fd12,7500,7500,28462,DNF,DNF,DNF,DNF
aug2dc,30200,30200,80000,0,1036,0,1
rdb2048_noL,2048,2048,12032,DNF,DNF,DNF,DNF
kneser_6_2_1,601,676,2027,DNF,DNF,DNF,DNF
west0067,67,67,294,12,1,12,5410
lp_gfrd_pnc,616,1160,2445,8,39,DNF,DNF
gen2,1121,3264,81855,DNF,DNF,DNF,DNF
gen1,769,2561,63086,DNF,DNF,DNF,DNF
jan99jac040,13694,13694,82842,DNF,DNF,DNF,DNF
tols90,90,90,1746,18,0,DNF,DNF
oscil_dcop_06,430,430,1544,2,1,DNF,DNF
lp_bandm,305,472,2494,23,1215,DNF,DNF
odepa400,400,400,1201,3,1,3,352
gams30am,354,531,1287,2,1,2,7
bcspwr01,39,39,131,6,1,6,1
fxm2-16,3900,7335,32972,DNF,DNF,DNF,DNF
bcsstm37,14005,14005,15525,0,46,0,1
bcsstm35,15803,15803,20619,0,65,0,1
bcsstm34,588,588,24270,DNF,DNF,DNF,DNF
can_268,268,268,3082,36,90,DNF,DNF
bcsstm39,46772,46772,46772,0,1275,0,1
bcsstm38,5199,5199,10485,0,6,0,1
cti,16840,16840,96464,DNF,DNF,DNF,DNF
lp_pilot,1441,4860,44375,DNF,DNF,DNF,DNF
FA,5018,10469,72176,DNF,DNF,DNF,DNF
p6000,2095,7947,19826,2,12,2,12
bcsstk34,588,588,21418,DNF,DNF,DNF,DNF
lshp1882,1882,1882,12904,DNF,DNF,DNF,DNF
circuit204,1020,1020,5883,41,22812,DNF,DNF
coater1,1348,1345,19457,DNF,DNF,DNF,DNF
g7jac010sc,2880,2880,19635,DNF,DNF,DNF,DNF
lowThrust_2,2312,2312,26261,DNF,DNF,DNF,DNF
lowThrust_3,7064,7064,80645,DNF,DNF,DNF,DNF
lowThrust_1,582,582,6133,DNF,DNF,DNF,DNF
S40PI_n,2182,2182,5341,6,4,DNF,DNF
hydr1,5308,5308,23752,DNF,DNF,DNF,DNF
GL7d11,783,60,1513,23,12,DNF,DNF
GL7d10,1,8,8,1,0,1,1
GL7d12,8769,1019,37519,DNF,DNF,DNF,DNF
fs_183_6,183,183,1069,21,3,DNF,DNF
fs_183_4,183,183,1069,21,3,DNF,DNF
fs_183_3,183,183,1069,21,3,DNF,DNF
fs_183_1,183,183,1069,21,3,DNF,DNF
photogrammetry,1388,390,11816,DNF,DNF,CNO,CNO
MISKnowledgeMap,2427,2427,57022,DNF,DNF,CNO,CNO
well1033,1033,320,4732,12,1,DNF,DNF
aug3d,24300,24300,69984,0,803,0,1
saylr3,1000,1000,3750,DNF,DNF,DNF,DNF
saylr1,238,238,1128,DNF,DNF,DNF,DNF
adder_dcop_31,1813,1813,11246,18,12,DNF,DNF
robot24c1_mat5,404,302,15118,DNF,DNF,CNO,CNO
farm,7,17,41,4,0,4,1
linverse,11999,11999,95977,6,256,DNF,DNF
robot,120,120,870,12,1,DNF,DNF
adder_dcop_39,1813,1813,11246,18,11,DNF,DNF
delaunay_n13,8192,8192,49094,DNF,DNF,DNF,DNF
delaunay_n12,4096,4096,24528,DNF,DNF,DNF,DNF
08blocks,300,300,592,0,1,0,1
delaunay_n10,1024,1024,6112,DNF,DNF,DNF,DNF
delaunay_n14,16384,16384,98244,DNF,DNF,DNF,DNF
dw4096,8192,8192,41746,DNF,DNF,DNF,DNF
Trefethen_500,500,500,8478,DNF,DNF,DNF,DNF
can_445,445,445,3809,DNF,DNF,DNF,DNF
dwt_492,492,492,3156,0,1,DNF,DNF
reorientation_2,1544,1544,17910,14,384,CNO,CNO
cage,366,366,5124,0,1,INC,INC
impcol_a,207,207,572,7,1,DNF,DNF
impcol_c,137,137,411,14,4,DNF,DNF
impcol_b,59,59,312,10,1,10,434
impcol_e,225,225,1308,12,4,DNF,DNF
impcol_d,425,425,1339,15,413,DNF,DNF
adder_dcop_18,1813,1813,11246,18,12,DNF,DNF
adder_dcop_19,1813,1813,11245,18,11,DNF,DNF
3elt,4720,4720,27444,DNF,DNF,DNF,DNF
adder_dcop_17,1813,1813,11246,18,11,DNF,DNF
adder_dcop_14,1813,1813,11246,18,11,DNF,DNF
adder_dcop_15,1813,1813,11246,18,11,DNF,DNF
adder_dcop_12,1813,1813,11246,18,13,DNF,DNF
adder_dcop_13,1813,1813,11245,18,11,DNF,DNF
adder_dcop_10,1813,1813,11232,18,10,DNF,DNF
l9,244,1483,4659,21,659,DNF,DNF
odepb400,399,399,399,0,1,0,1
lp_sierra,1227,2735,8001,DNF,DNF,DNF,DNF
xingo3012,20944,20944,74386,DNF,DNF,DNF,DNF
wb-cs-stanford,7053,9215,36854,6,416,CNO,CNO
geom,6158,6158,23796,DNF,DNF,DNF,DNF
viscoplastic1,4326,4326,61166,DNF,DNF,DNF,DNF
lp_pilot4,410,1123,5264,47,79910,DNF,DNF
lp_nug15,6330,22275,94950,DNF,DNF,DNF,DNF
lp_nug12,3192,8856,38304,DNF,DNF,DNF,DNF
west2021,2021,2021,7353,11,7,DNF,DNF
c-27,4563,4563,31375,DNF,DNF,DNF,DNF
lp_etamacro,400,816,2537,DNF,DNF,DNF,DNF
lp_ship12l,1042,5533,16276,8,23,DNF,DNF
Trefethen_200b,199,199,2873,DNF,DNF,CNO,CNO
lp_ship12s,1042,2869,8284,8,6,DNF,DNF
l30,2701,16281,52070,DNF,DNF,DNF,DNF
gre_512,512,512,2192,DNF,DNF,DNF,DNF
can_715,715,715,6665,DNF,DNF,DNF,DNF
M40PI_n1,2027,2027,5007,4,3,DNF,DNF
oscil_trans_01,430,430,1614,2,1,CNO,CNO
oscil_dcop_43,430,430,1544,2,1,DNF,DNF
bcsstm07,420,420,7252,DNF,DNF,DNF,DNF
bcsstm04,132,132,132,0,0,0,1
oscil_dcop_40,430,430,1544,2,1,DNF,DNF
bcsstm02,66,66,66,0,0,0,1
bcsstm03,112,112,112,0,0,0,1
oscil_dcop_45,430,430,1544,2,1,DNF,DNF
oscil_dcop_44,430,430,1544,2,1,DNF,DNF
oscil_dcop_49,430,430,1544,2,1,DNF,DNF
oscil_dcop_48,430,430,1544,2,1,DNF,DNF
bcsstm08,1074,1074,1074,0,1,0,1
olm2000,2000,2000,7996,2,3,2,8480
Trec7,11,35,147,8,0,8,1
dwt_59,59,59,267,8,1,8,21
fxm3_6,5026,5026,94026,DNF,DNF,DNF,DNF
USpowerGrid,4941,4941,13188,16,1084,DNF,DNF
lshp2233,2233,2233,15337,DNF,DNF,DNF,DNF
Trefethen_2000,2000,2000,41906,DNF,DNF,CNO,CNO
steam3,80,80,928,8,1,8,874
mimo28x28_system,13251,13251,48737,DNF,DNF,CNO,CNO
steam1,240,240,3762,DNF,DNF,DNF,DNF
lshp_406,406,406,2716,DNF,DNF,DNF,DNF
init_adder1,1813,1813,11156,18,11,DNF,DNF
cryg2500,2500,2500,12349,DNF,DNF,DNF,DNF
cz308,308,308,3182,19,3,DNF,DNF
bibd_49_3,1176,18424,55272,DNF,DNF,DNF,DNF
lp_vtp_base,198,346,1051,16,1,DNF,DNF
fpga_dcop_09,1220,1220,5888,2,2,DNF,DNF
plat1919,1919,1919,32399,DNF,DNF,DNF,DNF
IG5-9,342,310,4570,DNF,DNF,DNF,DNF
IG5-8,156,158,1711,DNF,DNF,DNF,DNF
IG5-7,62,75,549,26,2,26,1347
IG5-6,30,43,251,18,1,18,1
delaunay_n11,2048,2048,12254,DNF,DNF,DNF,DNF
bibd_81_2,3240,3240,3240,0,2,0,1
GL7d25,2798,21013,81671,DNF,DNF,DNF,DNF
GL7d26,303,2748,7412,DNF,DNF,DNF,DNF
kineticBatchReactor_7,7968,7968,84508,18,3432,CNO,CNO
lock1074,1038,1038,51588,DNF,DNF,DNF,DNF
M20PI_n,1182,1182,2881,6,1,DNF,DNF
bp_1400,822,822,4790,32,2335,DNF,DNF
lshp_577,577,577,3889,DNF,DNF,DNF,DNF
bloweybq,10001,10001,69991,DNF,DNF,DNF,DNF
sstmodel,3345,3345,22749,DNF,DNF,DNF,DNF
lp_stocfor3,16675,23541,76473,14,16531,DNF,DNF
rbsa480,480,480,17088,DNF,DNF,DNF,DNF
lpi_box1,231,261,651,4,1,DNF,DNF
CAG_mat72,72,72,1012,13,1,13,321
lpi_mondou2,312,604,1208,4,1,DNF,DNF
meg4,5860,5860,46842,DNF,DNF,DNF,DNF
ch6-6-b2,2400,450,7200,DNF,DNF,DNF,DNF
spaceStation_14,1640,1640,24324,20,1532,CNO,CNO
spaceStation_11,1364,1364,18954,20,94,CNO,CNO
spaceStation_10,1272,1272,17478,DNF,DNF,CNO,CNO
spaceStation_13,1617,1617,23649,DNF,DNF,CNO,CNO
spaceStation_12,1410,1410,19728,20,167,CNO,CNO
LFAT5,14,14,46,4,0,4,1
deter0,1923,5468,11173,15,372,DNF,DNF
stufe,1036,1036,3736,DNF,DNF,DNF,DNF
ch4-4-b2,96,72,288,24,18544,DNF,DNF
ch4-4-b1,72,16,144,11,1,11,3
EX2,560,560,8736,DNF,DNF,DNF,DNF
EX3,2600,2600,71760,DNF,DNF,DNF,DNF
aug2d,29008,29008,76832,0,985,0,1
EX1,560,560,8736,DNF,DNF,DNF,DNF
ww_36_pmec_36,66,66,1194,29,2,DNF,DNF
deter1,5527,15737,32187,15,353,DNF,DNF
bcspwr10,5300,5300,21842,DNF,DNF,DNF,DNF
Pd,8081,8081,13036,0,35,DNF,DNF
Erdos02,5534,5534,16944,DNF,DNF,DNF,DNF
mk12-b2,13860,1485,41580,DNF,DNF,DNF,DNF
mk12-b1,1485,66,2970,DNF,DNF,DNF,DNF
M80PI_n1,4027,4027,9927,4,13,DNF,DNF
mk12-b5,10395,62370,62370,0,922,0,61
adder_dcop_29,1813,1813,11246,18,11,DNF,DNF
adder_dcop_28,1813,1813,11246,18,11,DNF,DNF
adder_dcop_23,1813,1813,11246,18,11,DNF,DNF
adder_dcop_22,1813,1813,11246,18,12,DNF,DNF
adder_dcop_21,1813,1813,11246,18,11,DNF,DNF
adder_dcop_20,1813,1813,11246,18,12,DNF,DNF
adder_dcop_27,1813,1813,11246,18,11,DNF,DNF
email,1133,1133,10902,DNF,DNF,DNF,DNF
adder_dcop_25,1813,1813,11246,18,11,DNF,DNF
adder_dcop_24,1813,1813,11246,18,11,DNF,DNF
orbitRaising_2,739,739,6526,8,3,CNO,CNO
swang1,3169,3169,20841,DNF,DNF,DNF,DNF
swang2,3169,3169,20841,DNF,DNF,DNF,DNF
orbitRaising_1,442,442,2906,8,1,CNO,CNO
orbitRaising_4,915,915,7790,16,22536,CNO,CNO
mesh2em5,306,306,2018,DNF,DNF,DNF,DNF
rdb3200l,3200,3200,18880,DNF,DNF,DNF,DNF
mhda416,416,416,8562,22,63,DNF,DNF
bfwa398,398,398,3678,DNF,DNF,DNF,DNF
ch,3700,8291,24102,DNF,DNF,DNF,DNF
n3c5-b5,210,252,1260,DNF,DNF,DNF,DNF
lp_nug07,602,931,4214,DNF,DNF,DNF,DNF
lp_nug06,372,486,2232,DNF,DNF,DNF,DNF
lp_nug05,210,225,1050,DNF,DNF,DNF,DNF
dwt_607,607,607,5131,DNF,DNF,DNF,DNF
relat7b,20500,1043,81355,DNF,DNF,DNF,DNF
lp_nug08,912,1632,7296,DNF,DNF,DNF,DNF
nasa2146,2146,2146,72250,DNF,DNF,DNF,DNF
jgl011,11,11,76,7,0,7,1
kineticBatchReactor_9,8115,8115,86183,18,62664,CNO,CNO
kineticBatchReactor_8,8052,8052,85194,18,5675,CNO,CNO
kineticBatchReactor_3,5082,5082,53219,18,2223,CNO,CNO
kineticBatchReactor_2,4361,4361,44840,18,846,CNO,CNO
kineticBatchReactor_1,2052,2052,20600,18,32,CNO,CNO
illc1850,1850,712,8758,18,3,DNF,DNF
kineticBatchReactor_6,7773,7773,82500,DNF,DNF,CNO,CNO
kineticBatchReactor_5,7641,7641,80767,18,31632,CNO,CNO
kineticBatchReactor_4,7105,7105,74869,18,58461,CNO,CNO
bcsstm19,817,817,817,0,1,0,1
laser,3002,3002,9000,4,102,DNF,DNF
bcsstm11,1473,1473,1473,0,1,0,1
bcsstm10,1086,1086,22092,DNF,DNF,DNF,DNF
bcsstm13,2003,2003,21943,DNF,DNF,DNF,DNF
bcsstm12,1473,1473,19659,DNF,DNF,DNF,DNF
oscil_dcop_50,430,430,1544,2,1,DNF,DNF
oscil_dcop_51,430,430,1544,2,1,DNF,DNF
oscil_dcop_52,430,430,1544,2,1,DNF,DNF
oscil_dcop_53,430,430,1544,2,1,DNF,DNF
lpi_bgetam,400,816,2537,DNF,DNF,DNF,DNF
dwt_66,66,66,320,4,0,4,119
cavity06,1182,1182,32747,DNF,DNF,DNF,DNF
cavity07,1182,1182,32747,DNF,DNF,DNF,DNF
cavity04,317,317,7327,48,690,DNF,DNF
cavity05,1182,1182,32747,DNF,DNF,DNF,DNF
cavity02,317,317,7327,48,705,DNF,DNF
cavity03,317,317,7327,48,5110,DNF,DNF
pcb1000,1565,2820,20463,40,26657,DNF,DNF
rdb5000,5000,5000,29600,DNF,DNF,DNF,DNF
cavity08,1182,1182,32747,DNF,DNF,DNF,DNF
cavity09,1182,1182,32747,DNF,DNF,DNF,DNF
GD98_a,16,29,50,0,0,INC,INC
GD98_c,112,112,336,16,254,DNF,DNF
GD98_b,121,121,207,0,0,0,1
cis-n4c6-b3,5970,1330,23880,DNF,DNF,DNF,DNF
cis-n4c6-b2,1330,210,3990,DNF,DNF,DNF,DNF
cis-n4c6-b1,210,21,420,15,2,15,36
Tina_AskCog,11,11,36,4,0,4,1
plat362,362,362,5786,DNF,DNF,DNF,DNF
t2dal_bci,4257,4257,37465,DNF,DNF,DNF,DNF
lp_pds_06,9881,29351,63220,DNF,DNF,DNF,DNF
lp_pds_02,2953,7716,16571,DNF,DNF,DNF,DNF
GD96_c,65,65,250,5,1,5,4949
GD96_b,91,20,193,3,0,3,1
GD96_a,1095,1095,1677,0,1,DNF,DNF
t2d_q9,9801,9801,87025,DNF,DNF,DNF,DNF
Trec9,47,200,2147,34,1,DNF,DNF
GD96_d,113,173,229,0,0,0,1
t2d_q4,9801,9801,87025,DNF,DNF,DNF,DNF
Trec6,6,14,40,5,0,5,1
Trec5,3,6,12,2,0,2,1
Trec4,2,2,3,1,0,1,1
Trec3,1,1,1,0,0,0,1
stormg2-8,4393,11322,28553,37,1840,DNF,DNF
poli_large,15575,15575,33074,DNF,DNF,DNF,DNF
494_bus,494,494,1666,12,16,DNF,DNF
lp_brandy,193,303,2202,DNF,DNF,DNF,DNF
oscil_dcop_27,430,430,1544,2,1,DNF,DNF
lpi_vol1,323,464,1646,23,19,DNF,DNF
zenios,2873,2873,27191,0,4,DNF,DNF
lns_131,131,131,536,22,97,22,73984
lpi_cplex2,224,378,1215,15,16,DNF,DNF
lpi_cplex1,3005,5224,10947,4,8,DNF,DNF
G3,800,800,38352,DNF,DNF,DNF,DNF
oscil_dcop_16,430,430,1544,2,1,DNF,DNF
crack,10240,10240,60760,DNF,DNF,DNF,DNF
GD95_a,34,35,57,1,0,INC,INC
GD95_b,40,69,96,2,0,2,1
GD95_c,62,62,287,6,0,6,1
lp_e226,223,472,2768,22,6,DNF,DNF
can_96,96,96,768,24,82,DNF,DNF
adder_dcop_63,1813,1813,11246,18,12,DNF,DNF
bips98_1450,11305,11305,44678,DNF,DNF,DNF,DNF
oscil_dcop_18,430,430,1544,2,1,DNF,DNF
dwt_361,361,361,2953,26,12055,DNF,DNF
mesh3em5,289,289,1889,DNF,DNF,DNF,DNF
fs_680_3,680,680,2646,12,2,DNF,DNF
fs_680_2,680,680,2646,12,2,DNF,DNF
plsk1919,1919,1919,9662,DNF,DNF,DNF,DNF
lns_3937,3937,3937,25407,DNF,DNF,DNF,DNF
d_ss,53,53,149,4,0,4,2
lp_sc50b,50,78,148,5,1,5,20
lp_sc50a,50,78,160,5,1,5,61
gams10am,114,171,407,2,1,2,1
GD06_theory,101,101,380,0,0,0,1
bp_800,822,822,4534,DNF,DNF,DNF,DNF
grid1,252,252,952,0,1,0,1
abb313,313,176,1557,7,1,DNF,DNF
grid2,3296,3296,12864,0,12,0,1
bcspwr03,118,118,476,8,1,8,348
bcspwr02,49,49,167,4,0,4,1
ODLIS,2896,2057,18246,DNF,DNF,DNF,DNF
bcspwr07,1612,1612,5824,8,5,DNF,DNF
bcspwr06,1454,1454,5300,8,3,DNF,DNF
bcspwr05,443,443,1623,14,19,DNF,DNF
bcspwr04,274,274,1612,14,2,DNF,DNF
bcspwr09,1723,1723,6511,14,146,DNF,DNF
bcspwr08,1624,1624,6050,12,103,DNF,DNF
email-Eu-core,868,991,25571,DNF,DNF,DNF,DNF
adder_dcop_34,1813,1813,11246,18,10,DNF,DNF
adder_dcop_35,1813,1813,11246,18,11,DNF,DNF
adder_dcop_36,1813,1813,11246,18,11,DNF,DNF
adder_dcop_37,1813,1813,11246,18,12,DNF,DNF
adder_dcop_30,1813,1813,11246,18,10,DNF,DNF
can_73,73,73,377,18,2,18,77
adder_dcop_32,1813,1813,11246,18,11,DNF,DNF
adder_dcop_33,1813,1813,11246,18,11,DNF,DNF
bips98_1142,9735,9735,40983,DNF,DNF,DNF,DNF
adder_dcop_11,1813,1813,11243,18,12,DNF,DNF
adder_dcop_38,1813,1813,11246,18,12,DNF,DNF
lpi_galenet,8,14,22,2,0,2,1
SmallW,99,231,994,12,1,DNF,DNF
nopoly,10774,10774,70842,DNF,DNF,DNF,DNF
lp_pilot_we,722,2928,9265,DNF,DNF,DNF,DNF
mhd3200b,3200,3200,18316,2,7977,DNF,DNF
p0201,133,334,2056,27,33,DNF,DNF
mhd3200a,3200,3200,68026,22,1886,DNF,DNF
cell1,7055,7055,34855,DNF,DNF,DNF,DNF
cell2,7055,7055,34855,DNF,DNF,DNF,DNF
spiral,1434,1434,18228,38,286,DNF,DNF
qh1484,1484,1484,6110,16,12887,DNF,DNF
n3c4-b4,6,15,30,5,0,5,1
California,5027,2099,16150,DNF,DNF,DNF,DNF
n3c4-b1,15,6,30,5,0,5,1
n3c4-b2,20,15,60,9,1,9,1
n3c4-b3,15,20,60,9,1,9,1
lpi_ex72a,197,215,467,4,1,DNF,DNF
xingo_afonso_itaipu,13250,13250,48735,DNF,DNF,CNO,CNO
lp_stocfor1,117,165,501,9,1,DNF,DNF
lp_stocfor2,2157,3045,9357,9,9,DNF,DNF
airfoil1,4253,4253,24578,DNF,DNF,DNF,DNF
zeros_nopss_13k,13296,13296,48827,DNF,DNF,CNO,CNO
TSOPF_FS_b9_c1,2454,2454,25032,DNF,DNF,CNO,CNO
dwa512,512,512,2480,DNF,DNF,DNF,DNF
lp_standmps,467,1274,3878,25,10150,DNF,DNF
cage3,5,5,19,4,0,4,1
problem,12,46,86,2,0,2,1
LF10000,19998,19998,99982,DNF,DNF,DNF,DNF
jgl009,9,9,50,5,0,5,1
mbeaflw,448,485,49920,DNF,DNF,DNF,DNF
lp_sctap1,300,660,1872,19,7,DNF,DNF
lp_sctap3,1480,3340,9734,DNF,DNF,DNF,DNF
lp_sctap2,1090,2500,7334,40,67631,DNF,DNF
lp_agg3,516,758,4756,DNF,DNF,DNF,DNF
lp_agg2,516,758,4740,DNF,DNF,DNF,DNF
oscil_dcop_29,430,430,1544,2,1,DNF,DNF
oscil_dcop_28,430,430,1544,2,1,DNF,DNF
cz1268,1268,1268,12786,19,248,DNF,DNF
oscil_dcop_21,430,430,1544,2,1,DNF,DNF
oscil_dcop_20,430,430,1544,2,1,DNF,DNF
oscil_dcop_23,430,430,1544,2,1,DNF,DNF
oscil_dcop_22,430,430,1544,2,1,DNF,DNF
oscil_dcop_25,430,430,1544,2,1,DNF,DNF
oscil_dcop_24,430,430,1544,2,1,DNF,DNF
barth,6691,6691,26439,DNF,DNF,DNF,DNF
oscil_dcop_26,430,430,1544,2,1,DNF,DNF
polbooks,105,105,882,18,1,18,13329
email-Eu-core-temporal,824,965,24929,DNF,DNF,CNO,CNO
dwt_72,72,72,222,4,1,4,7
cavity11,2597,2597,76367,DNF,DNF,DNF,DNF
cavity10,2597,2597,76367,DNF,DNF,DNF,DNF
cavity13,2597,2597,76367,DNF,DNF,DNF,DNF
cavity12,2597,2597,76367,DNF,DNF,DNF,DNF
cavity15,2597,2597,76367,DNF,DNF,DNF,DNF
cavity14,2597,2597,76367,DNF,DNF,DNF,DNF
bfwb398,398,398,2910,DNF,DNF,DNF,DNF
dolphins,62,62,318,18,14,18,669
west0497,497,497,1727,16,15,DNF,DNF
lp_80bau3b,2262,11934,23264,DNF,DNF,DNF,DNF
barth5,15606,15606,61484,DNF,DNF,DNF,DNF
barth4,6019,6019,23492,DNF,DNF,DNF,DNF
netscience,1461,1461,5484,0,1,DNF,DNF
